goods_id,product_id,name,img,measure,cheap_url,mall_name,search_name,sort option,divide,amount
0,0,오리온 포카칩 오리지널(66g),,g,,Homeplus,<b>오리온 포카칩<\/b> 오리지날 <b>66G<\/b>,,,66
1,0,포테토칩 오리지날(125g),,g,,이마트몰,<b>농심<\/b> <b>포테토칩<\/b> 오리지널 <b>125g<\/b> \/ 감자칩 스낵,,,125
2,1,롯데 자일리톨 오리지날(87g),,g,,이마트몰,<b>롯데<\/b>제과 <b>자일리톨<\/b>껌 오리지널 (용기) <b>87g<\/b>,,,87
3,3,아이비(270g),,g,,이마트몰,[해태] <b>아이비<\/b> <b>270g<\/b>,,,270
4,3,참크래커(280g),,g,,이마트몰,[크라운] <b>참크래커<\/b> <b>280g<\/b>,,,280
5,4,메로나(75ml),,ml,,이마트몰,[빙그레] <b>메로나<\/b>망고 <b>75ml<\/b>,,,75
6,5,롯데 목캔디 허브민트(217g),,g,,농협하나로마트,"<b>롯데 목캔디 허브민트<\/b>, <b>217g<\/b>",,,217
7,5,오리온 통아몬드 캔디(90g),,g,,농협하나로마트,"<b>오리온 통아몬드 캔디<\/b>, <b>90g<\/b>",,,90
8,6,롯데 월드콘 바닐라(160ml),,ml,,이마트몰,<b>월드콘바닐라<\/b> <b>160ml<\/b>,,,160
9,6,투게더 오리지널 바닐라(900ml),,ml,,이마트몰,빙그레 <b>투게더<\/b> <b>바닐라<\/b>맛 <b>900ml<\/b> <b>오리지널<\/b> 아이스크림,,,900
10,7,닥터유 에너지바(40g),,g,,이마트몰,오리온 <b>닥터유 에너지바<\/b> 호두 <b>40g<\/b>,,,40
11,7,닥터유 에너지바(4개입),,g,,이마트몰,오리온 <b>닥터유 에너지바<\/b> 40gx4봉지 160g,,,160
12,7,켈로그 레드베리 에너지바(4개입),,g,,이마트몰,<b>켈로그 레드베리 에너지바<\/b> <b>4입<\/b>(25g4),,,100
13,8,자유시간(36g),,g,,이마트몰,해태<b>자유시간<\/b><b>36g<\/b>,,,36
14,8,자유시간(5개입),,g,,이마트몰,해태 <b>자유시간<\/b> 180g(36g5),,,180
15,8,핫브레이크 미니(714g),,g,,이마트몰,오리온 <b>핫브레이크 미니<\/b> <b>714g<\/b>,,,714
16,9,몽쉘 크림(384g),,g,,이마트몰,롯데 <b>몽쉘크림<\/b> 12입 <b>384g<\/b>,,,384
17,9,오리온 초코파이(18개입),,g,,이마트몰,[<b>오리온<\/b>] <b>초코파이<\/b> 정 새로운시작 <b>18팩<\/b> 702g (39g*<b>18팩)<\/b>,,,702
18,10,롯데 ABC 초코(187g),,g,,이마트몰,<b>롯데<\/b>제과 <b>abc초콜릿<\/b> <b>187g<\/b>,,,187
19,10,롯데 빅가나 마일드(110g),,g,,이마트몰,<b>롯데 빅가나<\/b> <b>110g<\/b>,,,110
20,11,양조간장 501,,ml,,이마트몰,[<b>샘표] 양조간장 501<\/b> 150ml,,,150
21,11,진간장 금F3(930ml),,ml,,이마트몰,<b>[샘표]<\/b> <b>진간장 금F3<\/b> <b>860ml<\/b>,,,860
22,12,순창 오리지널 우리쌀 찰고추장(1kg),,g,,농협하나로마트,"대상 청정원 <b>순창<\/b> 현미 태양초 매운<b>고추장<\/b>, <b>1kg<\/b>",,,1000
23,12,해찬들 우리쌀태양초골드(1kg),,g,,이마트몰,[<b>해찬들<\/b>] <b>우리쌀<\/b>로 만든 <b>태양초 골드<\/b> 고추장 <b>1kg<\/b>,,,1000
24,13,백설 소면(900g),,g,,이마트몰,[<b>백설<\/b>] 제일제면소 <b>소면<\/b> <b>900g<\/b>,,,900
25,13,옛날국수 소면(900g),,g,,이마트몰,[오뚜기] <b>옛날 국수 소면<\/b> <b>900g<\/b>,,,900
26,14,아카시아꿀,,g,,Homeplus,<b>홈플러스<\/b>시그니처 <b>아카시아 꿀 500G<\/b>,,,500
27,15,CJ 100% 국산 햇당면(400g),,g,,이마트몰,<b>[CJ] 백설 햇당면 500g<\/b>,,,400
28,15,백설 자른 햇당면(300g),,g,,이마트몰,<b>백설<\/b><b>햇당면<\/b><b>300g<\/b>,,,300
29,15,옛날 자른당면(300g),,g,,이마트몰,[오뚜기] <b>옛날<\/b> <b>당면<\/b> <b>300g<\/b>,,,300
30,15,옛날당면,,g,,Homeplus,<b>오뚜기 옛날 당면 1KG<\/b>,,,1000
31,16,샘표 시골집 토장(900g),,g,,이마트몰,<b>샘표 토장<\/b> <b>900g<\/b>,,,900
32,16,순창 재래식안심생된장(1kg),,g,,이마트몰,[청정원] <b>순창 재래식생된장<\/b> <b>1kg<\/b>,,,1000
33,16,해찬들 재래식 된장(1kg),,g,,이마트몰,[<b>해찬들<\/b>] <b>재래식 된장<\/b> <b>1kg<\/b>,,,1000
34,17,국산콩두부 부침용(380g),,g,,이마트몰,풀무원 <b>국산콩두부<\/b>(<b>부침<\/b>)<b>380g<\/b>,,,380
35,17,국산콩두부 찌개용(380g),,g,,이마트몰,풀무원 <b>국산콩두부<\/b>(<b>찌개<\/b>)<b>380g<\/b>,,,380
36,17,행복한콩 찌개두부(300g),,g,,Homeplus,씨제이 <b>행복한콩<\/b> 부드러운 <b>찌개 두부<\/b> <b>300G<\/b>,,,300
37,18,청정원 발사믹 드레싱,,g,,이마트몰,<b>청정원<\/b> 프렌치 <b>발사믹드레싱<\/b> <b>325<\/b>g,,,325
38,18,청정원 오리엔탈 드레싱,,g,,이마트몰,<b>청정원 오리엔탈 드레싱<\/b> <b>325<\/b>g,,,325
39,19,오뚜기 고소한 골드 마요네즈(500g),,g,,농협하나로마트,"<b>오뚜기<\/b> 고소한 골드 <b>마요네즈<\/b>, <b>500g<\/b>",,,500
40,19,청정원 고소한 마요네즈(500g),,g,,이마트몰,[<b>청정원<\/b>] <b>고소한마요네즈<\/b> <b>500g<\/b>,,,500
41,20,곰표 밀가루 중력다목적용(1kg),,g,,농협하나로마트,"<b>곰표 밀가루 중력다목적용<\/b>, <b>1kg<\/b>",,,1000
42,20,백설 중력밀가루(1kg),,g,,농협하나로마트,"씨제이 <b>백설 중력 밀가루<\/b>, <b>1kg<\/b>",,,1000
43,20,백설 찰밀가루(1kg),,g,,이마트몰,[<b>백설<\/b>] <b>찰밀가루<\/b> <b>1kg<\/b>,,,1000
44,21,백설 5가지 재료 부침가루(1kg),,g,,이마트몰,CJ <b>백설 5가지재료 부침가루<\/b><b>1kg<\/b>,,,1000
45,21,백설부침가루(1kg),,g,,농협하나로마트,"씨제이 <b>백설 부침가루<\/b>, <b>1kg<\/b>",,,1000
46,21,오뚜기 부침가루(1kg),,g,,이마트몰,[<b>오뚜기<\/b>] <b>부침가루<\/b> <b>1kg<\/b>,,,1000
47,22,백설 자일로스 설탕(1kg),,g,,이마트몰,CJ<b>백설 자일로스설탕(<\/b>하얀) <b>1kg<\/b>,,,1000
48,22,백설 하얀설탕(1kg),,g,,이마트몰,<b>백설 하얀설탕<\/b> <b>1kg<\/b> (S5192114),,,1000
49,22,큐원 하얀설탕(1kg),,g,,Homeplus,삼양사 <b>큐원 하얀설탕<\/b> <b>1KG<\/b>,,,1000
50,22,푸드림 하얀설탕,,g,,이마트몰,[<b>푸드림<\/b> <b>Foodream<\/b>] 대한제당 <b>하얀 설탕<\/b> (정백당) 3kg,,,3000
51,23,백설 구운소금(500g),,g,,농협하나로마트,"씨제이 <b>백설 구운소금<\/b>, <b>500g<\/b>",,,500
52,23,백설꽃소금,,g,,농협하나로마트,"씨제이 <b>백설 꽃소금<\/b>, <b>1kg<\/b>",,,1000
53,23,청정원 미원 맛소금(500g),,g,,Homeplus,대상 <b>미원 맛소금<\/b> <b>500G<\/b>,,,500
54,23,청정원 신안섬보배 천일염 가는소금(500g),,g,,이마트몰,[<b>청정원<\/b>] <b>신안섬보배 천일염 가는소금<\/b> <b>500g<\/b>,,,500
55,23,해표 꽃소금(1kg),,g,,Homeplus,<b>해표 꽃소금<\/b> <b>1KG<\/b>,,,1000
56,24,맑고신선한옥수수유,,ml,,이마트몰,<b>해표 옥수수유<\/b><b>900ml<\/b>,,,900
57,24,백설 식용유(1.5L),,ml,,이마트몰,[<b>백설<\/b>] 대두유 (콩기름) <b>1.5L<\/b>,,,1500
58,24,백설국내콩기름,,ml,,농협하나로마트,"씨제이 <b>백설 콩기름<\/b> , <b>900ml<\/b>",,,900
59,24,오뚜기 콩기름 100%(900ml),,ml,,농협하나로마트,"<b>오뚜기<\/b> 옥수수유, <b>900ml<\/b>",,,900
60,24,해표 맑고 신선한 식용유(900ml),,ml,,이마트몰,<b>해표 식용유<\/b><b>900ml<\/b>,asc,,900
61,25,대상 사과식초,,ml,,이마트몰,<b>[청정원] 2배사과식초 900ml<\/b>,,,900
62,25,백설 건강발효 사과식초(800ml),,ml,,이마트몰,CJ<b>백설 건강발효사과식초<\/b>500ml,asc,,500
63,25,백설 건강발효 현미식초(800ml),,ml,,이마트몰,CJ<b>백설 건강발효<\/b><b>식초<\/b> <b>800ml<\/b>(<b>현미<\/b>),asc,,800
64,25,오뚜기 사과식초(900ml),,ml,,이마트몰,[<b>오뚜기<\/b>] <b>사과 식초 (900ml)<\/b>,asc,,900
65,26,청정원 순창 양념듬뿍 쌈장(500g),,g,,이마트몰,(새벽배송 가능상품)[<b>청정원<\/b>] <b>순창 양념듬뿍쌈장<\/b> <b>500g<\/b>,,,500
66,26,해찬들 사계절 쌈장(500g),,g,,이마트몰,CJ<b>해찬들<\/b> <b>쌈장<\/b> <b>500g<\/b>(<b>사계절<\/b>),asc,,500
67,26,해표 순창궁 양념쌈장(500g),,g,,이마트몰,<b>해표순창궁발아콩양념쌈장 500g<\/b>,asc,,500
68,27,딸기잼(500g),,g,,농협하나로마트,"오뚜기 <b>딸기잼<\/b>, <b>500g<\/b>",,,500
69,27,복음자리 딸기잼(370g),,g,,Homeplus,<b>복음자리<\/b> <b>사과잼<\/b> <b>370G<\/b>,asc,,370
70,28,백설 진한참기름,,ml,,농협하나로마트,"<b>씨제이 백설 진한 참기름<\/b>, 320ml",asc,,320
71,28,오뚜기 참기름(320ml),,ml,,Homeplus,<b>오뚜기<\/b> 옛날 <b>참기름 (<\/b>병) <b>320ML<\/b>,,,320
72,28,참진한 참기름(해표),,ml,,이마트몰,백설 <b>참진한참기름<\/b> 300ml(병),,,300
73,29,오뚜기카레 순한맛(100g),,g,,이마트몰,<b>오뚜기<\/b> 백세<b>카레순한맛<\/b> <b>100g<\/b>,,,100
74,29,청정원 카레여왕 구운마늘&양파(108g),,g,,농협하나로마트,"대상 <b>청정원 카레여왕 구운마늘<\/b> <b>양파<\/b> 깊고 풍부한맛, 108g(4인분)",,,108
75,30,오뚜기 토마토 케찹(500g),,g,,이마트몰,[<b>오뚜기<\/b>] <b>토마토케찹<\/b><b>500g<\/b>,asc,,500
76,30,청정원 진한 토마토 케찹(500g),,g,,Homeplus,대상 <b>청정원 진한 토마토케찹<\/b> <b>500G<\/b>,,,500
77,31,산들애 국내산 해물(250g),,g,,이마트몰,[CJ] <b>산들애 국내산 해물<\/b> <b>250g<\/b>,,,250
78,31,청정원 맛선생 국내산해물(250g),,g,,이마트몰,[<b>청정원<\/b>] <b>맛선생<\/b> <b>해물(<\/b>분말) <b>250g<\/b>,,,250
79,32,고향만두(1.03kg),,g,,이마트몰,해태 <b>고향만두<\/b>궁 1030g,,,1030
80,32,비비고 왕교자(1.05kg),,g,,이마트몰,CJ <b>비비고 왕교자<\/b> <b>1.05Kg<\/b>,,,1050
81,32,생야채돼지고기물만두(800g),,g,,이마트몰,CJ<b>생야채 돼지고기 물만두<\/b> 400g2,,,800
82,33,삼양라면(5개입),,개,,이마트몰,[삼양] <b>삼양라면<\/b> 5입,,,5
83,33,신라면(5개입),,개,,이마트몰,[농심] <b>신라면<\/b> 120gx<b>5입<\/b>,asc,,5
84,33,진라면 순한맛(5개입),,개,,이마트몰,<b>오뚜기<\/b> <b>진라면 순한맛<\/b> 120g(<b>5입<\/b>),asc,,5
85,34,삼립호떡 미니꿀호떡(16개입),,g,,이마트몰,[<b>삼립<\/b>] 요요 <b>꿀호떡 400<\/b>g,,,400
86,34,샤니 속이알찬 단팥빵(255g),,g,,이마트몰,[삼립] 정통 <b>단팥빵<\/b> 3입 <b>255g<\/b>,,,255
87,34,정통크림빵(3개입),,g,,이마트몰,삼립 <b>정통크림빵<\/b>3입 240g,,,240
88,37,탕종숙식빵(420g),,g,,이마트몰,[<b>삼립<\/b>] <b>56시간 저온숙성<\/b> 숙<b>식빵<\/b> <b>420g<\/b>,,,420
89,35,보노 콘스프(3개입),,g,,이마트몰,<b>보노 콘스프<\/b> 3입(19g*<b>3)<\/b>,,,57
90,35,보노 포르치니버섯스프(3개입),,g,,이마트몰,<b>보노 포르치니버섯스프<\/b> 3입(18g3),,,54
91,35,오뚜기 크림스프(80g),,g,,이마트몰,[<b>오뚜기<\/b>] <b>크림 스프<\/b> <b>80g<\/b>,asc,,80
92,35,청정원 우리쌀 크림스프,,g,,이마트몰,[<b>청정원<\/b>] <b>우리쌀크림수프<\/b> 60g,asc,,60
93,36,스페셜K 오리지널(480g),,g,,이마트몰,<b>스페셜K 오리지널<\/b> <b>480g<\/b>,,,480
94,36,켈로그 콘푸로스트(600g),,g,,이마트몰,<b>켈로그 콘푸로스트<\/b> <b>600g<\/b>,,,600
95,36,포스트 콘푸라이트(600g),,g,,이마트몰,동서 <b>포스트 콘푸라이트<\/b> <b>600g<\/b>(지퍼백),,,600
96,38,맛있는 미역국,,g,,이마트몰,즉석<b>미역국18<\/b>G(9G2),asc,,18
97,38,오뚜기 간편 미역국(5개입),,g,,이마트몰,<b>오뚜기 간편 미역국<\/b> 5입(9.5g*<b>5<\/b>),,,47.5
98,38,오뚜기 간편 북엇국(5개입),,g,,이마트몰,<b>오뚜기 간편북어국<\/b> 5입(<b>10.5<\/b>g*5),,,52.5
99,38,오뚜기 맛있는 북어국(34g),,g,,이마트몰,<b>오뚜기 맛있는북어국<\/b>17g2,,,34
100,39,3분 쇠고기짜장(200g),,g,,이마트몰,오뚜기 <b>3분 쇠고기 짜장<\/b> <b>200g<\/b>,,,200
101,39,3분 쇠고기카레(200g),,g,,이마트몰,오뚜기 <b>3분 쇠고기 카레<\/b> <b>200g<\/b>,,,200
102,39,오뚜기 3분 백세카레 약간 매운맛(200g),,g,,이마트몰,<b>오뚜기 3분 백세카레 약간매운맛<\/b> <b>200g<\/b>,,,200
103,39,청정원 옛날식 짜장(180g),,g,,이마트몰,[<b>청정원<\/b>] <b>옛날식짜장<\/b> <b>180g<\/b>,,,180
104,39,청정원 카레여왕 비프카레(160g),,g,,이마트몰,[<b>청정원<\/b>] <b>카레여왕 비프<\/b> <b>160g<\/b>,asc,,160
105,40,오뚜기밥(6개입) ,,g,,이마트몰,[<b>오뚜기<\/b>] 맛있는 <b>밥 (210g6<\/b>입),,,1260
106,40,햇반(210g),,g,,이마트몰,CJ <b>햇반<\/b> <b>210g<\/b>,asc,,210
107,40,햇반(3개입),,g,,이마트몰,[CJ] <b>햇반 (210g3<\/b>입),,,630
108,40,햇반(6개입),,g,,이마트몰,[CJ] <b>햇반 (210g6<\/b>입),,,1260
109,41,동원 양반 쇠고기죽(287.5g),,g,,이마트몰,<b>동원 양반<\/b> 수라 한우 <b>쇠고기죽<\/b> <b>287.5g<\/b>,,,287.5
110,41,동원 양반 쇠고기죽(288g),,g,,이마트몰,<b>동원 양반 쇠고기죽<\/b> <b>288g<\/b>(용기),,,288
111,41,동원 양반 전복죽(287.5g),,g,,이마트몰,<b>동원 양반<\/b> 듬뿍 <b>전복죽<\/b> <b>287.5g<\/b>,,,287.5
112,41,동원 양반 전복죽(288g),,g,,이마트몰,<b>동원 양반 전복죽<\/b> <b>288g<\/b>(용기),,,288
113,41,비비고 소고기죽(280g),,g,,이마트몰,CJ <b>비비고 소고기죽<\/b> <b>280g<\/b>(용기),,,280
114,41,비비고 전복죽(280g),,g,,이마트몰,CJ <b>비비고 전복죽<\/b> <b>280g<\/b>(용기),,,280
115,41,오뚜기 새송이 쇠고기죽(285g),,g,,이마트몰,<b>오뚜기 새송이 쇠고기죽(<\/b>상온\/<b>285g)<\/b>\/,,,285
116,41,오뚜기 전복죽(285g),,g,,이마트몰,[<b>오뚜기<\/b>] <b>전복죽<\/b> <b>285g<\/b>,asc,,285
117,42,농심 신라면 큰사발면(114g),,g,,농협하나로마트,"<b>농심 신라면 큰사발면<\/b>, <b>114g<\/b>",,,114
118,42,오뚜기 참깨라면 컵(110g),,g,,농협하나로마트,"<b>오뚜기 참깨라면<\/b>, <b>110g<\/b>",asc,,110
119,42,팔도 왕뚜껑(110g),,g,,이마트몰,[<b>팔도<\/b> Paldo] <b>왕뚜껑<\/b> <b>110g<\/b>,asc,,110
120,43,오뚜기 맛있는 쇠고기미역국밥,,g,,Homeplus,<b>오뚜기 맛있는<\/b>컵밥 진한<b>쇠고기미역국밥<\/b> 314G,asc,,314
121,43,오뚜기 컵밥 제육덮밥(310g),,g,,이마트몰,<b>오뚜기 컵밥 제육덮밥<\/b> <b>310g<\/b>,,,310
122,43,햇반 컵반 제육덮밥,,g,,이마트몰,CJ <b>햇반컵반<\/b> 철판 <b>제육덮밥<\/b> 256g,,,256
123,43,햇반 컵반 미역국밥(167g),,g,,이마트몰,CJ <b>햇반컵반 미역국밥<\/b> <b>167g<\/b>,,,167
124,44,비비고 사골곰탕(500g),,g,,이마트몰,CJ <b>비비고 사골곰탕<\/b> <b>500g<\/b>,,,500
125,44,비비고 육개장(500g),,g,,이마트몰,CJ <b>비비고 육개장<\/b> <b>500g<\/b>,,,500
126,44,오뚜기 옛날 사골곰탕(350g),,g,,농협하나로마트,<b>오뚜기 옛날 사골곰탕<\/b> <b>350g<\/b>,asc,,350
127,44,오뚜기 옛날 육개장(300g),,g,,농협하나로마트,"<b>오뚜기 옛날<\/b> 육개장 , 300g",,,300
128,46,마미손 고무장갑 중(2세트),,개,,이마트몰,<b>마미손고무장갑중<\/b> X ( 2매입 ),,,2
129,46,마미손 뷰티(중),,개,,이마트몰,<b>마미손<\/b> 면코팅 <b>고무장갑 중<\/b>,,,1
130,46,올에이 중형 고무장갑,,개,,이마트몰,<b>태화 고무장갑<\/b> (썬밴) <b>중<\/b> 핑크 <b>라텍스<\/b> 설거지<b>장갑<\/b>,asc,,1
131,46,크린랩 고무장갑 중(2세트),,개,,이마트몰,<b>크린랩 고무장갑<\/b>(<b>중<\/b>)2입,,,2
132,47,가그린 오리지널(750ml),,ml,,이마트몰,동아제약 구강청결제 <b>가그린 오리지널<\/b> <b>750ml<\/b>,,,750
133,47,리스테린 쿨민트,,ml,,이마트몰,<b>리스테린 쿨민트<\/b>마일드 250mL,,,250
134,47,리스테린 쿨민트(750ml),,ml,,이마트몰,<b>리스테린 쿨민트<\/b> 마일드 750mL,,,750
135,48,크린랩(22cm x 50m),,m,,이마트몰,뜯어쓰는 <b>크린랩<\/b> <b>22cm x 50M<\/b>,,,50
136,48,크린랩(30cm x 50m),,m,,이마트몰,<b>크린랩<\/b> 30cmX<b>50m<\/b>,,,50
137,48,후레쉬랩(25cm x 50m)(3M),,m,,이마트몰,<b>3M<\/b> <b>후레쉬<\/b> 위생랩 중형 (<b>25cm x50m)<\/b>,,,50
138,49,JB 뉴 베드타임 로션(500ml),,ml,,이마트몰,<b>존슨즈<\/b><b>베이비<\/b> <b>베드타임<\/b> <b>로션<\/b> <b>500mL<\/b>,,,500
139,49,정말 순한 바디밀크(450ml),,ml,,이마트몰,해피바스 <b>바디<\/b>로션 내추럴 <b>정말 순한 바디밀크<\/b> <b>450ml<\/b> <b>450ml<\/b>,,,450
140,51,PACE6 스타일 면도날(4개),,개,,이마트몰,[<b>도루코<\/b>] PACE6 Style <b>면도날(4입)<\/b>,,,4
141,51,마하3 면도날,,개,,이마트몰,질레트 <b>마하3 면도날<\/b> <b>4입<\/b>,,,4
142,51,플로쉴드 옐로우 면도날(4개),,개,,이마트몰,<b>질레트 프로쉴드 옐로우 면도날<\/b> 4입,,,4
143,51,하이드로5 면도날,,개,,이마트몰,<b>쉬크 하이드로5 면도날<\/b> <b>4입<\/b>,,,4
144,51,하이드로8 면도날(8개),,개,,이마트몰,<b>쉬크 하이드로5 면도날<\/b> <b>8입<\/b>,,,8
145,53,도브 뷰티 너리싱 바디워시(1kg),,ml,,이마트몰,<b>도브 뷰티너리싱 바디워시<\/b> <b>1kg<\/b>,,,1000
146,53,도브 센스티브 스킨 바디워시(1kg),,ml,,이마트몰,<b>도브 센스티브 스킨 바디워시<\/b> 1L,,,1000
147,53,세이 온더바디 고보습 아이리스(900ml),,ml,,이마트몰,<b>온더바디 플라워<\/b> <b>아이리스<\/b> <b>바디워시<\/b> <b>900ML<\/b>,,,900
148,53,오가니스트 히말라야 핑크솔트 바디워시 리프레싱 민트향(865ml),,ml,,이마트몰,<b>오가니스트 히말라야 핑크솔트 바디워시<\/b> <b>민트향<\/b> 900ml,,,900
149,53,해피바스 라벤더 에센스 바디워시(900g),,ml,,이마트몰,[<b>해피바스<\/b>]<b>라벤더 에센스 바디워시<\/b> <b>900g<\/b>,asc,,900
150,54,썬 부탄가스(4개),,개,,농협하나로마트,"<b>썬<\/b> 플러스 <b>부탄가스<\/b>, 220g x <b>4개<\/b>",,,4
151,55,도브 뷰티바(4개),,개,,이마트몰,[<b>도브<\/b>] <b>뷰티바(<\/b>비누) <b>100g4입<\/b>,,,4
152,55,드봉 스위트로즈(4개),,개,,이마트몰,<b>드봉 스위트로즈 비누<\/b> <b>100g4입<\/b>,,,4
153,55,알뜨랑비누 핑크,,개,,농협하나로마트,"<b>알뜨랑 비누<\/b> 오리지널(<b>핑크<\/b>) , 140g x 3",,,3
154,55,해피바스 허브 라벤더 아로마 바(4개),,개,,농협하나로마트,"아모레 <b>해피바스 라벤더<\/b> 에센스 모이스춰 바, 90g x <b>4입<\/b>",,,4
155,56,무균무때 세정제 욕실용(900ml),,ml,,이마트몰,<b>무균무때 세정제<\/b> <b>900ML<\/b>(<b>욕실용<\/b>),,,900
156,56,유한락스 레귤러(1.8L),,ml,,이마트몰,[<b>유한락스<\/b>] <b>유한락스<\/b> <b>1.8L<\/b>,,,1800
157,56,유한락스 욕실청소용(1800ml),,ml,,이마트몰,<b>유한락스 욕실청소용 900ml2<\/b>,,,1800
158,56,유한락스 후레쉬(1.5L),,ml,,이마트몰,[<b>유한락스<\/b>] <b>후레쉬<\/b> 락스 <b>1.5L<\/b>,,,1500
159,56,유한락스 후레쉬(2L),,ml,,Homeplus,유한양행 <b>유한락스후레쉬<\/b> <b>2L<\/b>,,,2000
160,56,홈스타 락스와세제 후로랄파인(750ml),,ml,,Homeplus,LG생활건강 <b>홈스타 락스와세제<\/b> <b>파인<\/b> <b>750ML<\/b>,,,750
161,56,홈스타 욕실용 세정제(900ml),,ml,,Homeplus,LG생활건강 <b>홈스타 욕실용 세정제<\/b> <b>900ML<\/b>,,,900
162,57,에프킬라 에어로졸 무향(500ml),,ml,,Homeplus,<b>에프킬라 에어로졸<\/b>(<b>무향<\/b>) <b>500ML<\/b>,asc,,500
163,57,컴배트 스피드 에어졸(500ml),,ml,,이마트몰,[<b>컴배트<\/b>] <b>스피드 에스 에어졸 바퀴살충제<\/b> <b>500ml<\/b>,,,500
164,57,홈키파 수성 에어졸(500ml),,ml,,이마트몰,b>홈키파<\/b> <b>에어졸<\/b> <b>수성<\/b> <b>500ML<\/b>,,,500
165,58,쏘피 바디피트 볼록맞춤 날개 중형(64개입),,개,,이마트몰,[<b>쏘피<\/b>] <b>바디피트 볼록맞춤<\/b> 생리대 <b>중형<\/b> 16P×4팩,,,64
166,58,좋은느낌 울트라슬림 에어핏쿠션 날개 중형(36개입),,개,,이마트몰,<b>좋은느낌 좋은순면 중형<\/b> <b>36<\/b>P,,,36
167,58,좋은느낌 좋은순면 울트라 날개 중형(36개입),,개,,농협하나로마트,"유한 <b>좋은느낌 좋은순면<\/b> 맥시슬림 <b>중형<\/b>, <b>36<\/b>개입",,,36
168,58,화이트 시크릿홀 날개 중형(36개입),,개,,이마트몰,[<b>화이트<\/b>] NEW <b>시크릿홀<\/b> 울트라 <b>날개 중형<\/b> 생리대 <b>36<\/b>P,,,36
169,59,려 함빛 극손상엔영양케어 샴푸(550ml),,ml,,이마트몰,<b>려 함빛 극손상&amp;영양케어 샴푸<\/b> <b>550ml<\/b>,asc,,500
170,59,미쟝센 퍼펙트세럼 샴푸(680ml),,ml,,이마트몰,<b>미쟝센 퍼펙트<\/b> 오리지널 <b>세럼 샴푸<\/b> <b>680ml<\/b>,asc,,680
171,59,엘라스틴 마린콜라겐 탱글볼륨 샴푸,,ml,,농협하나로마트,"<b>LG 엘라스틴 마린콜라겐 탱글볼륨 샴푸<\/b>, <b>680ml<\/b>",,,680
172,59,엘라스틴 모로칸 아르간 오일 집중영양 샴푸(680ml),,ml,,농협하나로마트,"LG <b>엘라스틴<\/b> 모르칸 <b>아르간오일 집중영양 샴푸<\/b>, <b>680ml<\/b>",,,680
173,60,다우니 고농축 블루튤립과 달콤한 라일락,,ml,,Homeplus,P&G 다우니 섬유유연제 레몬그라스 와 달콤한 라일락향 2L,,,2000
174,60,다우니 고농축 섬유유연제 엑스퍼트(2L),,ml,,이마트몰,<b>다우니 고농축 섬유유연제 엑스퍼트<\/b> 실내건조 <b>2L<\/b>,,,2000
175,60,피죤 섬유유연제 핑크로즈(2.1L),,ml,,이마트몰,<b>피죤<\/b> <b>핑크로즈<\/b> 2.1 (<b>New<\/b>),,,2100
176,60,피죤 용기 옐로미모사(3.1L일반/드럼겸용),,ml,,농협하나로마트,"<b>피죤<\/b> <b>옐로<\/b>우<b>미모사<\/b>, <b>3100ml<\/b>",,,3100
177,61,샤프란 네이처 섬유탈취제(500ml),,ml,,농협하나로마트,"<b>샤프란<\/b> 케어 스타일러 <b>섬유탈취제<\/b> 은은한향, 500ml",asc,,500
178,61,페브리즈 상쾌한향(370ml),,ml,,이마트몰,<b>페브리즈<\/b> 섬유탈취제 <b>370mL<\/b>(<b>상쾌한향<\/b>,,,370
179,61,페브리즈 상쾌한향(900ml),,ml,,이마트몰,<b>페브리즈<\/b> 섬유탈취제 <b>900mL<\/b>(<b>상쾌한향<\/b>),,,900
180,63,때가 쏙 비트 분말세제(6kg),,g,,이마트몰,<b>비트<\/b> 찬물전용 <b>분말세제<\/b> <b>6KG<\/b>,,,6000
181,63,비트 트리플 액션(2.8L),,g,,이마트몰,<b>비트 트리플 액션<\/b> <b>2.8L<\/b>,,,2800
182,63,"스파크(가루,리필형,5kg)",,g,,농협하나로마트,"애경 <b>스파크<\/b>(일반용), <b>5kg<\/b>",,,5000
183,63,테크 UP 분말세제(4kg),,g,,Homeplus,LG생활건강 <b>테크 분말세제<\/b> 일반드럼겸용 리필 <b>4KG<\/b>,,,4000
184,63,테크 베이킹소다 액체세제(3L),,g,,Homeplus,LG생활건강 <b>테크 베이킹소다 액체세제<\/b> 드럼용 <b>3L<\/b>,,,3000
185,64,퍼실 파워젤 액체 드럼용(2.7L),,ml,,Homeplus,헨켈 <b>퍼실 파워젤<\/b> 라벤더 <b>액체<\/b>세제 <b>드럼용<\/b> <b>2.7L<\/b>,,,2700
186,64,퍼실 파워젤 액체 일반용(2.7L),,ml,,Homeplus,헨켈 <b>퍼실 파워젤<\/b> 라벤더 <b>액체<\/b>세제 <b>일반용<\/b> <b>2.7L<\/b>,,,2700
187,65,피죤 습기제로(8개입),,개,,Homeplus,<b>피죤<\/b> 숯기제로 <b>제습제<\/b> 8입,,,8
188,66,려 진결모 거품 염색 짙은 밤색 4.0,,g,,이마트몰,<b>려<\/b> 진결모 거품<b>염색<\/b>4.0 <b>짙은<\/b>갈색,,,120
189,66,리엔 흑모비책 크림염색 자연갈색,,g,,이마트몰,<b>리엔 흑모비책 크림염색<\/b>(<b>자연갈색<\/b>),,,120
190,66,미쟝센 쉽고빠른 거품염색 3N 흑갈색,,g,,이마트몰,<b>미쟝센 쉽고빠른 거품염색 3N 흑갈색<\/b> <b>염색<\/b>약 <b>40g<\/b>,,,40
191,67,3M 후레쉬 슬라이드 지퍼백 중형,,매,,이마트몰,<b>3M 후레쉬<\/b> 스탠딩 <b>슬라이드 지퍼백 중형<\/b> 12매+12매,,,24
192,67,3M후레쉬백,,매,,이마트몰,<b>3M 후레쉬백<\/b>(대) 100매,,,100
193,67,뽑아쓰는 크린백,,매,,이마트몰,크린랩 <b>뽑아쓰는 크린백<\/b> 100매 (중) 25x35,,,100
194,67,손잡이 크린백(35cm x 45cm),,매,,이마트몰,<b>크린랩 손잡이크린백35cm45cm100매<\/b>,,,100
195,67,지퍼락 지퍼백 냉장 중형(20매),,매,,이마트몰,<b>지퍼락 지퍼백 냉장 중형<\/b> <b>20매<\/b>,,,20
196,67,크린롤백(25cm x 35cm),,매,,이마트몰,[<b>크린<\/b>랩] <b>크린롤백<\/b> <b>25cm<\/b>&times;<b>35cm<\/b> 500매,,,500
197,67,크린백,,매,,이마트몰,컴팩트 <b>크린백 중 100매<\/b> (2535),,,100
198,67,크린지퍼백,,매,,이마트몰,<b>크린지퍼백<\/b>(대)<b>25cm30cm 20매<\/b>,,,20
199,67,크린지퍼백(18cm x 20cm),,매,,이마트몰,<b>크린지퍼백<\/b>(소)<b>18cm20cm 20매<\/b>,,,20
200,68,하기스 매직컴포트 대형 공용 팬티형 4단계(40매),,개,,이마트몰,<b>하기스 매직컴포트<\/b> <b>팬티형 4단계<\/b> <b>대형 공용<\/b>(9~13kg) <b>40매<\/b>,,,40
201,68,하기스 매직컴포트 특대형 공용 팬티형 5단계(33매),,개,,이마트몰,<b>하기스 매직컴포트<\/b> <b>팬티형 5단계<\/b> <b>특대형 공용<\/b>(11~16kg) <b>33매<\/b>,,,33
202,69,CJ 참그린 ,,ml,,Homeplus,친환경 라이온 <b>참그린<\/b> 매실 주방세제 용기 <b>960ML<\/b>,,,960
203,69,메소드 주방세제 핑크(532ml),,ml,,이마트몰,(새벽배송 가능상품)<b>메소드 주방세제<\/b>(레몬민트) <b>532ml<\/b>,,,532
204,69,자연퐁 솔잎(490ml),,ml,,이마트몰,<b>자연퐁 솔잎<\/b> 용기 <b>490ml<\/b> 주방세제 비린내 기름기 찌든때 설거지,,,490
205,69,자연퐁 솔잎향 세균설거지(용기),,ml,,이마트몰,<b>자연퐁 솔잎<\/b>으로 설거지 하기(490ml)\/,,,490
206,69,프릴 시크릿 오브 베이킹소다 퓨어레몬향(750ml),,ml,,농협하나로마트,"헨켈 <b>프릴 시크릿 오브 베이킹소다<\/b> 와일드베리향, <b>750ml<\/b>",,,750
207,69,항균 트리오(973ml),,ml,,농협하나로마트,"애경 <b>항균 트리오<\/b>, 1kg",,,1000
208,70,메디안 치석 치약 오리지널(3개),,g,,이마트몰,b>메디안 치석치약 오리지널<\/b> <b>120G3<\/b>입,,,360
209,70,어드밴스 캐비티 블루(3개),,g,,이마트몰,[애경] 치약 2080 <b>어드밴스캐비티 블루<\/b>,,,360
210,70,페리오 캐비티케어(3개),,g,,이마트몰,<b>페리오 캐비티케어<\/b> 알파 120gx3,,,360
211,71,오랄비 크로스액션(3개입),,개,,이마트몰,<b>오랄비<\/b> 칫솔 <b>크로스액션<\/b> 프로 엑스퍼트 탁월한 세정력 <b>3개입<\/b>,,,3
212,71,죽염 칫술 잇몸(4개),,개,,이마트몰,<b>죽염<\/b> 탄력모 <b>칫솔<\/b>4입,,,4
213,71,페리오 토탈7 칫솔 힘있는 미세모(4개),,개,,이마트몰,<b>페리오 토탈7 칫솔(힘있는미세모) 4입<\/b>,asc,,4
214,73,코디 키친타월(6롤),,매,,이마트몰,[<b>코디<\/b>] <b>키친<\/b>타올 <b>150매6롤<\/b>,,,900
215,73,크리넥스 안심 키친타월(6롤),,매,,이마트몰,<b>크리넥스 안심<\/b> 클래식 <b>키친<\/b>타올 <b>150매<\/b>*<b>6롤<\/b>,,,900
216,74,산소계표백제 유한젠(1kg),,g,,이마트몰,<b>유한젠<\/b> <b>표백제<\/b> <b>1kg<\/b> 용기,asc,,1000
217,75,크리넥스 데코엔소프트 3겹(24롤),,롤,,이마트몰,<b>크리넥스 데코<\/b><b>소프트 3겹<\/b> 화장지 30m <b>24롤<\/b>,,,24
218,76,"갈치(냉동, 100g)",,g,,이마트몰,[해동][국산] 한끼 손질 제주은<b>갈치<\/b> (<b>100g<\/b>),,,100
219,77,"고등어(생물, 300~500g)",,마리,,이마트몰,"[<b>생물<\/b>][<b>국산<\/b>] <b>손질 고등어<\/b> (<b>대, 마리<\/b>)",,,1
220,78,들기름 재래 도시락김(16팩),,팩,,이마트몰,"[양반김] <b>들기름<\/b>김+올리브김 복합 <b>도시락김 (<\/b>16봉, 봉당 10장)",,,16
221,78,양반 들기름이 그윽한 김(12팩),,팩,,이마트몰,동원 <b>양반 들기름 향이 그윽한<\/b> <b>들기름<\/b> <b>김<\/b> 60g(5gX12봉),,,12
222,79,대림 게맛살 큰잔치(300g),,g,,이마트몰,[<b>대림<\/b>] <b>게맛살 큰잔치<\/b> <b>300g<\/b>,,,300
223,80,삼호 안심 부산어묵(400g),,g,,이마트몰,CJ <b>삼호<\/b><b>부산어묵<\/b>진미<b>200g2<\/b>,,,400
224,81,"오징어(생물, 200~300g)",,마리,,이마트몰,<b>[생물][국산] 생 오징어<\/b> (마리),,,1
225,83,동원참치 라이트스탠다드(4캔),,g,,농협하나로마트,"<b>동원 참치<\/b> 살코기(<b>라이트스탠다드<\/b>), 90g x 4입",,,360
226,83,동원참치 라이트스탠다드(묶음),,g,,이마트몰,[동원] <b>동원참치 라이트스탠다드(<\/b>150g3) <b>450g<\/b>,,,450
227,83,마일드참치(150g),,g,,이마트몰,[동원 F&amp;B] <b>마일드 참치<\/b> 200g,,,200
228,83,사조참치 살코기 안심따개(4캔),,g,,이마트몰,<b>사조<\/b> <b>살코기<\/b><b>참치<\/b>(<b>안심<\/b>) <b>85g4<\/b>,,,340
229,84,오뚜기 식물성 마아가린(200g),,g,,농협하나로마트,"농협하나로마트 농협하나로마트 농협하나로마트 농협하나로마트 농협하나로마트<b>오뚜기 식물성 마아가린, 200g<\/b>",asc,,200
230,84,옥수수 마가린(200g),,g,,Homeplus,<b>오뚜기 옥수수 마아가린 200G<\/b>,,,200
231,85,떠먹는불가리스 딸기(4개묶음),,g,,이마트몰,[남양] <b>떠먹는 불가리스 딸기(<\/b>85g<b>4개)<\/b> 340g,,,340
232,85,매일 바이오 플레인 스위트(85g4),,g,,이마트몰,<b>매일 바이오<\/b> 플레인 스위트 <b>85g4<\/b>,,,340
233,85,오리지널 요플레(4개묶음),,g,,이마트몰,[빙그레] <b>요플레<\/b> <b>오리지널<\/b> 딸기 340g (<b>85g4<\/b>입),,,340
234,85,이오(5개),,g,,이마트몰,이오 하이 요구르트 80ml*5개,,,400
235,85,자연의 시작 불가리스 사과 (4개묶음),,g,,이마트몰,[남양] <b>자연의 시작 불가리스 사과<\/b>(<b>150ml4<\/b>개) 600ml,,,600
236,86,서울우유 버터(450g),,g,,이마트몰,<b>서울우유 버터<\/b> <b>450g<\/b>,,,450
237,87,앱솔루트 명작 4단계(800g),,g,,이마트몰,<b>[매일]<\/b> 앱솔루트 <b>명작 4단계<\/b> <b>800G<\/b> (Neo 2 택배),,,800
238,87,임페리얼 드림 XO 3단계(800g),,g,,이마트몰,[<b>남양<\/b>] <b>임페리얼드림 임페리얼드림 XO 3단계(6개월이후부터 첫돌까지) 800g<\/b>,asc,,800
239,87,프리미엄 산양분유 1단계(800g),,g,,이마트몰,<b>프리미엄 산양분유 1단계<\/b>-1캔 <b>800g<\/b>,,,800
240,88,남양유업 맛있는우유GT(1L),,ml,,이마트몰,<b>[남양] 맛있는우유 GT 900ml<\/b>,asc,,900
241,88,매일우유 오리지널(900ml),,ml,,이마트몰,매일 <b>오리지널<\/b>  <b>900ml<\/b>,,,900
242,88,서울우유 흰우유(1L),,ml,,이마트몰,[<b>서울우유<\/b>] 목장의 신선함이 살아있는 <b>우유<\/b> <b>1L<\/b>,,,1000
243,88,파스퇴르우유 후레쉬(930ml),,ml,,이마트몰,<b>파스퇴르<\/b> <b>후레쉬<\/b><b>우유<\/b> 900ml,asc,,900
244,89,드빈치 자연방목치즈,,g,,이마트몰,<b>[남양] 드빈치 자연방목치즈 255g<\/b>2입기획,,,255
245,89,매일유업 상하치즈 더블업 체다슬라이스,,g,,이마트몰,<b>[매일] 상하치즈 더블업 체다슬라이스 360g<\/b>,,,360
246,89,매일유업 뼈로가는 칼슘치즈(270g),,g,,이마트몰,[매일] 상하치즈 뼈로가는 칼슘치즈 270g,,,270
247,89,서울우유 체다슬라이스치즈(200g),,g,,Homeplus,<b>서울<\/b> <b>체다<\/b> <b>슬라이스<\/b><b>치즈<\/b> <b>200G<\/b>,,,200
248,89,서울우유 체다슬라이스치즈(400g),,g,,이마트몰,[<b>서울우유<\/b>] <b>체다 슬라이스 치즈<\/b> 400g,,,400
249,89,서울우유 체다슬라이스치즈(600g),,g,,이마트몰,[<b>서울우유<\/b>] <b>체다 슬라이스 치즈<\/b>(<b>300g2<\/b>개입) 600g,,,600
250,90,베지밀 담백한검은콩(16팩),,ml,,이마트몰,<b>베지밀<\/b> <b>담백한검은콩A<\/b> <b>190ml16입<\/b>,,,3040
251,90,달콤한 베지밀 비(16팩),,ml,,이마트몰,<b>[베지밀] 달콤한 베지밀B 두유<\/b> (190ml16입),,,3040
252,90,달콤한 삼육두유 B(16팩),,ml,,Homeplus,삼육 두유B 190MLX16,,,3040
253,90,매일두유 담백한 맛(12팩),,ml,,이마트몰,<b>매일두유 오리지널 190ml<\/b><b>12본<\/b>,,,2280
254,91,국순당 대박 막걸리,,ml,,,주류,,,
255,91,서울장수생막걸리(750ml),,ml,,,주류,,,
256,92,카스 프레쉬(500ml),,ml,,,주류,,,
257,92,카스 프레쉬(6캔),,ml,,,주류,,,
258,92,테라(500ml),,ml,,,주류,,,
259,92,하이트 엑스트라 콜드(6캔),,ml,,,주류,,,
260,93,비타500(10개입),,ml,,이마트몰,<b>[광동] 비타500 (100ml10입)<\/b>,asc,,1000
261,93,오로나민C(10개입),,ml,,이마트몰,오로나민C120ml10,,,1200
262,94,스프라이트(1.5L),,ml,,이마트몰,<b>스프라이트<\/b> <b>1.5L<\/b>,asc,,1500
263,94,칠성사이다 제로(1.5L),,ml,,이마트몰,<b>칠성사이다 제로 1.5L<\/b>,asc,,1500
264,94,칠성사이다(1.8L),,ml,,이마트몰,<b>[롯데] 칠성사이다<\/b> <b>1.8L<\/b>,asc,,1800
265,95,삼다수(2L),,ml,,이마트몰,제주<b>삼다수<\/b> 그린 <b>2L<\/b> 6병,,6,2000
266,95,삼다수(500ml),,ml,,이마트몰,(새벽배송 가능상품)<b>삼다수 500ml<\/b>,,20,500
267,95,아이시스(2L),,ml,,이마트몰,<b>[롯데] 아이시스 8.0 2L<\/b>,asc,6,2000
268,95,아이시스(500ml),,ml,,이마트몰,<b>[롯데] 아이시스8.0 500ml<\/b>,,20,500
269,96,참이슬 클래식(360ml),,ml,,,주류,,,
270,96,참이슬 후레쉬(360ml),,ml,,,주류,,,
271,96,처음처럼(360ml),,ml,,,주류,,,
272,97,레드불 에너지 드링크(250ml),,ml,,이마트몰,[<b>레드불<\/b>] <b>에너지 드링크<\/b> <b>250ml<\/b>,,,250
273,97,롯데 핫식스(250ml),,ml,,이마트몰,(새벽배송 가능상품)<b>핫식스 250ml<\/b>,,,250
274,97,몬스터 에너지(355ml),,ml,,이마트몰,<b>몬스터 에너지 울트라<\/b> <b>355ml<\/b>,asc,,355
275,97,비타파워(20개입),,ml,,이마트몰,[롯데] <b>비타파워<\/b> 세트 (100ml20개),,,2000
276,98,게토레이 레몬(600ml),,ml,,이마트몰,게토레이 레몬(600ml),,,600
277,98,파워에이드 마운틴블라스트(520ml),,ml,,이마트몰,파워에이드 마운틴블라스트(520ml),,,520
278,99,델몬트 스카시플러스 100,,ml,,농협하나로마트,델몬트 스카시플러스 포도주스 100,,,1500
279,99,델몬트 오렌지 100(1.5L),,ml,,이마트몰,[<b>델몬트<\/b>] <b>오렌지 쥬스 100% (1.5L)<\/b>,asc,,1500
280,99,미넷메이드 오렌지(1.5L),,ml,,이마트몰,<b>미닛메이드 오렌지<\/b> <b>1.5L<\/b>,,,1500
281,100,남양 17차 티백(80개입),,개,,이마트몰,<b>17차티백<\/b> <b>80<\/b>T,,,80
282,100,동서현미녹차(100개입),,개,,이마트몰,[<b>동서<\/b>] <b>현미녹차<\/b> 100입 150g,,,100
283,101,레쓰비 마일드(175ml),,ml,,이마트몰,<b>레쓰비마일드<\/b><b>175ml<\/b><b>12입<\/b>,,12,175
284,101,맥심 티오피 마스터 라떼(275ml),,ml,,이마트몰,맥심 티오피 마스터 라떼(275ml),,,275
285,101,바리스타룰스 콜드브루 블랙(325ml),,ml,,이마트몰,바리스타룰스 콜드브루 블랙(325ml),,,325
286,101,칸타타 프리미엄 블렌드(275ml),,ml,,이마트몰,[칸타타] 프리미엄 라떼(275ml),,,275
287,102,맥스웰 하우스 오리지날(180개입),,개,,이마트몰,맥스웰 하우스 오리지날(180개입),,,180
288,102,맥심모카골드,,개,,이마트몰,[맥심] 모카골드 마일드 커피믹스 180입(12g180입)(+20입 or 랜덤 사은품증정),,,180
289,102,카누 마일드 로스트 아메리카노(30개입),,개,,이마트몰, 카누 마일드 로스트 아메리카노(30개입),,,30
290,103,코카콜라(1.8L),,ml,,이마트몰,<b>코카콜라 1.8L<\/b>,asc,,1800
291,103,펩시콜라(1.8L),,ml,,이마트몰,[<b>펩시<\/b>] <b>콜라<\/b> (<b>1.8L<\/b>\/펫),,,1800
292,104,진로 와인(500ml),,ml,,,주류,,,
293,106,하림 토종닭백숙(1.05kg),,g,,이마트몰,"[<b>하림<\/b>] <b>토종닭<\/b> (<b>백숙용<\/b>) (1,050g)",,,1050
294,107,국내산 목심 구이용(100g),,g,,이마트몰,국내산 목심 구이용(100g),,6,100
295,107,국내산 삼겹살(100g),,g,,이마트몰,국내산 두툼 칼집 삼겹살(100g),,6,100
296,108,롯데 빅그릴비엔나(400g),,g,,이마트몰,[<b>롯데<\/b>]<b>빅그릴비엔나400g<\/b>,,,400
297,108,목우촌 주부9단 프랑크 소시지(500g),,g,,Homeplus,농협<b>목우촌<\/b> <b>주부9단 프랑크<\/b> 소세지 <b>500G<\/b>,,,500
298,108,백설 그릴 비엔나(720g),,g,,농협하나로마트,"씨제이 백설 그릴 비엔나,360g2",,,720
299,108,의성 마늘 프랑크(350g),,g,,이마트몰,의성 마늘 프랑크(350g),,,350
300,108,의성마늘 빅그릴 비엔나(600g),,g,,이마트몰,<b>의성마늘 빅그릴비엔나<\/b> 300g*2,,,600
301,109,스팸,,g,,이마트몰,[cj]스팸 클래식(340g),asc,,340
302,109,스팸 클래식(200g),,g,,이마트몰,[cj]스팸 클래식(200g),,,200
303,109,의성마늘 한입슬라이스햄(60g),,g,,이마트몰,<b>[롯데] 의성 마늘햄 슬라이스 60g<\/b>,asc,,60
304,109,주부9단 슬라이스햄(300g),,g,,이마트몰,<b>[목우촌] 주부9단 슬라이스햄 300g(100g3개입)<\/b>,,,300
305,2,"롯데푸드 찰떡국화빵(150ml, 5개입)",,ml,,이마트몰,[<b>롯데삼강<\/b>] <b>찰떡 국화빵(150ml<\/b>5) 750ml,,,750
306,2,"빙그레 참붕어 싸만코(150ml, 5개입)",,ml,,이마트몰,[<b>빙그레<\/b>] <b>떡붕어싸만코 150ml5<\/b>,,,750
307,6,해태 부라보콘 화이트바닐라(140ml),,ml,,이마트몰,[<b>해태<\/b>] <b>부라보콘 화이트바닐라<\/b> <b>140ml<\/b>5ea,,5,140
308,9,해태 오예스(12개입),,g,,이마트몰,<b>해태 오예스 12입 360g<\/b>,,,360
309,12,해찬들 태양초 골드 고추장,,g,,이마트몰,[<b>해찬들<\/b>] <b>우리쌀<\/b>로 <b>만든<\/b> <b>태양초 골드<\/b> <b>고추장<\/b> <b>200g<\/b>,,,200
310,14,프리미엄 야생화꿀,,g,,이마트몰,<b>프리미엄 야생화꿀 500g<\/b>,,,500
311,20,큐원 박력 밀가루(1kg),,g,,이마트몰,[<b>큐원<\/b>] <b>박력 밀가루 1kg<\/b>,,,1000
312,32,동원 개성 왕만두,,g,,이마트몰,<b>동원 개성 왕만두<\/b> 490gx2,,,980
313,34,롯데 아이러브 토스트(750g),,g,,이마트몰,롯데 아이러브 토스트(750g),,,750
314,45,듀라셀 디럭스 알카라인 건전지 AA*12입,,개,,이마트몰,<b>듀라셀 디럭스<\/b> 알카라인 <b>건전지 AA 12<\/b>입,,,12
315,45,듀라셀 디럭스 알카라인 건전지 AAA*12입,,개,,이마트몰,<b>듀라셀 디럭스<\/b> 알카라인 <b>건전지 AAA 12<\/b>입,,,12
316,45,벡셀 건전지 AA*4입,,개,,이마트몰,<b>벡셀건전지 AA<\/b> (4입상품입니다.),,,4
317,49,닥터아토 트리플 히알루론 모이스춰 로션,,ml,,이마트몰,<b>닥터아토<\/b> 트리플 히알루론 모이스춰 <b>로션<\/b> 310ml,,,310
318,49,유한킴벌리 그린핑거 촉촉한 자연보습 로션,,ml,,Homeplus,유한킴벌리 <b>그린핑거 촉촉한 자연보습 로션<\/b> 320ML,,,320
319,49,세타필 모이스춰 라이징 로션,,ml,,Homeplus,<b>세타필<\/b> 모이스춰 <b>라이징 로션<\/b> 591ML,,,591
320,50,크리넥스 KF94 라이트핏 마스크,,개,,이마트몰,<b>크리넥스 KF94 라이트핏<\/b> 마스크 특대 <b>5<\/b>,,,5
321,53,도브 뷰티 너리싱 바디워시,,ml,,이마트몰,<b>도브<\/b> <b>뷰티너리싱<\/b> <b>바디워시 1kg<\/b>,,,1000
322,53,도브 센스티브스킨 바디워시 ,,ml,,이마트몰,<b>도브<\/b> 센서티브 <b>바디워시 1kg<\/b>,,,1000
323,53,해피바스 오리지널 바디워시,,ml,,이마트몰,<b>해피바스 오리지널 바디워시<\/b> <b>910g<\/b>,,,910
324,56,홈스타 향락스(1L),,ml,,이마트몰,홈스타 향락스(1L),,,1000
325,59,미장센 펄샤이닝 모이스쳐 샴푸,,ml,,이마트몰,미쟝센 <b>펄샤이닝<\/b> 모이스처 <b>샴푸<\/b>780ml,,,780
326,59,엘라스틴 10X 샴푸,,ml,,이마트몰,<b>엘라스틴 10X 샴푸<\/b> 680ml (모이스처),,,680
327,59,케라시스 러블리 로맨틱 퍼퓸 샴푸,,ml,,이마트몰,<b>케라시스 러블리<\/b>&amp;<b>로맨틱 퍼퓸샴푸<\/b>500ml,,,500
328,60,샤프란 핑크,,ml,,이마트몰,<b>샤프란 핑크 리필<\/b> 2.1L,,,2100
329,62,홈스타 뿌리는 곰팡이 싹,,ml,,Homeplus,<b>LG생활건강<\/b> <b>홈스타 뿌리는 곰팡이싹 900ML<\/b>,,,900
330,65,제습혁명,,개,,농협하나로마트,"LG 홈스타 <b>제습혁명<\/b>, 275g x 8개",,,2200
331,67,지퍼락 지퍼백(중),,매,,이마트몰,<b>지퍼락 지퍼백 냉장 중형<\/b> 100매,,,100
332,68,하기스 매직컴포트 밴드형 2단계 소형 공용 56매,,개,,이마트몰,<b>하기스<\/b> 매직컴포트 <b>밴드형 2단계 소형<\/b> 공용(4~8kg) 56매,,,56
333,68,하기스 맥스드라이 팬티형 4단계 대형 공용 38매,,개,,이마트몰,<b>하기스 맥스드라이<\/b> 팬티형 4단계 대형 공용(9~13kg) 38매,,,38
334,68,하기스 맥스드라이 팬티형 5단계 특대형 공용 31매,,개,,이마트몰,<b>하기스 맥스드라이<\/b> 팬티형 5단계 특대형 공용(11~16kg) 31매,,,31
335,70,페리오 브레쓰 케어 알파,,g,,이마트몰,<b>페리오<\/b> 브레쓰<b>케어 알파<\/b> 120gx3,,,360
336,70,페리오 클링스 아이스민트 120GX3,,g,,이마트몰,페리오 클링스 아이스민트 120GX3,,,360
337,73,깨끗한나라 키친타올,,매,,이마트몰,<b>깨끗한나라<\/b> 데일리 <b>키친타올 150매<\/b> 8롤,,,1200
338,74,유한젠 스포츠 표백제,,g,,이마트몰,"<b>유한젠<\/b> 스포츠 <b>표백제 2.3L<\/b>""",,,2300
339,76,"갈치(생물, 100g)",,g,,이마트몰,"<b>[생물][국산]<\/b> 손질 <b>제주 은갈치<\/b> (대, 마리)",,2,100
340,79,동원 싱싱맛살 실속(500g),,g,,이마트몰,<b>동원 싱싱맛살실속<\/b><b>500g<\/b>,,,500
341,81,"오징어(냉동, 200~300g)",,마리,,이마트몰,<b>[냉동][미국] 손질 오징어<\/b> (500g),,,1
342,82,부세(200~400g),,마리,,이마트몰,<b>[냉동][중국] 부세<\/b> 굴비 (600g\/팩),,,1
343,82,참조기(200~400g),,마리,,이마트몰,"[해동][국산] 제주 <b>참조기<\/b> (중, 마리)",,5,1
344,85,불가리스(4개),,g,,이마트몰,<b>남양<\/b> <b>불가리스<\/b> <b>Fit 150ml4<\/b>,,,600
345,86,남양 드빈치 버터(450g),,g,,Homeplus,"<b>남양 드빈치 버터<\/b> <b>450G<\/b>""",,,450
346,86,모닝버터(해바라기유)(200g),,g,,Homeplus,동원소와나무 <b>모닝 버터<\/b> <b>해바라기유<\/b> <b>200G<\/b>,,,200
347,87,앱솔루트 명작 2단계(800g),,g,,이마트몰,<b>[매일] 앱솔루트 명작<\/b> 2단계 <b>800G<\/b>,,,800
348,88,매일우유 오리지널(ESL)(1000ml),,ml,,농협하나로마트,"<b>매일우유 오리지널<\/b>, 1000ml",,,1000
349,90,매일두유 99.89(12팩),,ml,,이마트몰,<b>매일두유 99.89 (190ml<\/b>*<b>12<\/b>입),,,2280
350,91,국순당 생막걸리(750ml),,ml,,,주류,,,
351,91,국순당 우국생(750ml),,ml,,,주류,,,
352,92,오비라거 6캔,,ml,,,주류,,,
353,92,오비라거(단품),,ml,,,주류,,,
354,92,하이트 엑스트라 콜드(500ml),,ml,,,주류,,,
355,92,하이트 엑스트라콜드(단품),,ml,,,주류,,,
356,98,포카리스웨트,,ml,,이마트몰,포카리스웨트 1.8L,,,1800
357,99,미닛메이드 오리지날 오렌지 100,,ml,,Homeplus,미닛메이드 오리지날 오렌지 1.5L,,,1500
358,101,맥스웰 하우스 콜롬비아나 마스터블랙,,ml,,이마트몰,<b>맥스웰하우스 콜롬비아나<\/b> 마스터블랙 500ml,,,500
359,102,네스카페 신선한 모카(180입),,개,,이마트몰,[NESCAFE] <b>신선한 모카<\/b> 커피믹스 <b>180입<\/b>,,,180
360,102,프렌치카페 믹스,,개,,이마트몰,"[남양]<b>프렌치카페<\/b> <b>믹스 100입<\/b> 1,090g",,,100
361,104,마주앙 레드(750ml),,ml,,,주류,,,
362,105,신선한 계란(대란 30개),,개,,이마트몰,"<b>신선한 계란 30<\/b>개입 (대란, 1560g)",,,30
363,105,동물복지 자유방목 유정란(대란 10개),,개,,이마트몰,"<b>동물복지 자유방목 유정란<\/b> 10개입 (대란, 520g)",,,10
364,105,계란이 왔어요(대란 15개),,개,,이마트몰,"[<b>CJ<\/b>] <b>계란이왔어요 15<\/b>개입 (대란, 780g)",,,15
365,105,풀무원 동물복지 목초란(대란 15개),,개,,이마트몰,[<b>풀무원<\/b>] <b>동물복지 목초란 (<\/b>15개입\/<b>대란<\/b>),,,15
366,106,하림 동물복지 닭(백숙용),,g,,이마트몰,"[하림] <b>동물복지 닭<\/b> (<b>백숙<\/b>용) (1,000g)",,,1000
367,108,CJ 더 건강한햄 그릴후랑크(350g),,g,,이마트몰,(새벽배송 가능상품)[<b>CJ<\/b>] <b>더건강한<\/b><b>그릴후랑크<\/b><b>300g<\/b>*<b>2<\/b>,,,600
368,109,식빵위의 네모,,g,,이마트몰,[목우촌] 프라임 <b>식빵위의네모<\/b> 110g,,,110
369,109,더 건강한 햄 슬라이스,,g,,이마트몰,"""<b>[CJ] 더(The)건강한햄<\/b> <b>슬라이스 90g<\/b>",asc,,90
370,13,오뚜기 옛날 칼국수 900g,,g,,이마트몰,<b>[오뚜기] 옛날<\/b>국수 <b>칼국수 900g<\/b>,,,900
371,13,백설스파게티 500g,,g,,이마트몰,[<b>백설<\/b>] 파스타 <b>500g<\/b>,,,500
372,13,오뚜기 생면사리 200g x 4,,g,,이마트몰,<b>오뚜기 생면사리<\/b>(200gX4),,,800
373,32,비비고 군만두 450g x 2,,g,,Homeplus,씨제이 <b>비비고 군만두<\/b> 450Gx2,,,900
374,17,CJ 행복한 콩 순두부 330g,,g,,이마트몰,CJ 행복한 콩 순두부 330g,,,330
375,33,안성탕면 5개입,,개,,이마트몰,[농심] <b>안성탕면<\/b> 5입 625g (<b>125g5<\/b>입),,,5
376,33,짜파게티 5개입,,개,,이마트몰,[<b>농심<\/b>] <b>올리브 짜파게티<\/b> (<b>140gx5<\/b>입),,,5
377,33,불닭볶음면 5개입,,개,,이마트몰,[<b>삼양<\/b>] <b>불닭 볶음면<\/b> (140gx<b>5입<\/b>),,,5
378,33,팔도비빔면 4개입,,개,,이마트몰,"(새벽배송 가능상품)<b>팔도비빔면<\/b> <b>130g*4개<\/b>""",,,4
379,34,삼립 국산밀 감자치즈팡 280g,,g,,이마트몰,<b>삼립<\/b>_<b>국산밀<\/b>)<b>감자치즈팡<\/b>14입<b>280g<\/b>,,,280
380,36,오레오 오즈 500g,,g,,이마트몰,동서 포스트 <b>오레오 오즈 500g<\/b>,,,500
381,36,켈로그 크렌베리 그래놀라 500g,,g,,이마트몰,<b>켈로그<\/b> 크랜베리 <b>그래놀라 500g<\/b>,,,500
382,42,농심 짜파게티 큰사발 123g,,g,,이마트몰,[<b>농심<\/b>] <b>짜파게티 큰사발 123g<\/b> X 1개,asc,,123
383,42,불닭볶음면 큰컵 105g,,g,,이마트몰,(새벽배송 가능상품)<b>삼양 불닭볶음면<\/b> <b>105g<\/b>,,,105
384,42,컵누들 매콤한맛 37.8g,,g,,이마트몰,[<b>오뚜기<\/b>] <b>컵누들(매콤한맛)<\/b> 37g,,,37
385,79,한성 크래미,,g,,이마트몰,[<b>한성<\/b>]<b>크래미<\/b>1403입,,,420
386,89,소와나무 이태리안피자치즈 800g,,g,,이마트몰,<b>소와나무 이태리안피자치즈 800g<\/b>,,,800
387,106,하림 닭가슴살 400g,,g,,이마트몰,[<b>하림<\/b>] 무항생제 <b>닭가슴살<\/b> (<b>400g<\/b>),,,400
388,106,CJ 더 건강한 닭가슴살 직화통살구이 100g,,g,,농협하나로마트,<b>CJ<\/b> <b>더건강한 닭가슴살 직화 통살구이 100g<\/b>,,,100
389,106,사조안심 닭가슴살 블랙페퍼 100g,,g,,이마트몰,<b>대림<\/b> <b>사조안심 닭가슴살<\/b> 블랙페퍼 <b>100g<\/b>,,,100
390,11,국간장 샘표 500ml,,ml,,이마트몰,<b>샘표<\/b> <b>국간장<\/b> <b>500ml<\/b>,,,500
391,22,CJ 백설 황설탕 1kg,,g,,이마트몰,[<b>백설<\/b>] <b>갈색설탕<\/b> (중백당) <b>1kg<\/b>,,,1000
392,24,백설 올리브오일 900ml,,ml,,이마트몰,<b>백설 올리브오일900ml<\/b>,,,900
393,29,백세카레 100g,,g,,이마트몰,오뚜기 <b>백세카레<\/b>약간매운맛 <b>100g<\/b>,,,100
394,18,CJ 키위 샐러드 소스,,g,,이마트몰,<b>CJ 키위샐러드소스<\/b> 250g,,,250
395,31,CJ 다시다쇠고기 골드 8g x 12,,g,,Homeplus,<b>CJ 쇠고기다시다 명품 골드 96G<\/b>,,,96
396,110,홈런볼 초코 46g,,g,,이마트몰,(새벽배송 가능상품)<b>[해태]<\/b> <b>홈런볼 초코 46g<\/b>,,,46
397,110,맛동산 300g,,g,,이마트몰,[해태] <b>맛동산 300g<\/b>,,,300
398,10,롯데 크런키 34g,,g,,Homeplus,<b>롯데 크런키 34G<\/b>,,,34
399,10,허쉬밀크초콜릿 40g,,g,,이마트몰,롯데 <b>허쉬밀크초콜릿40G<\/b>,,,40
400,5,롯데 청포도 893g,,g,,이마트몰,[<b>롯데<\/b>] <b>청포도<\/b>캔디 <b>893g<\/b>,,,893
401,111,크라운 마이쮸 284g,,g,,이마트몰,<b>크라운 마이쮸<\/b> 포도사과 <b>284g<\/b>,,,284
402,111,크라운 새콤달콤 200g,,g,,이마트몰,[<b>크라운<\/b>] <b>새콤달콤<\/b> 딸기 레모네이드 <b>200g<\/b>,,,200
403,111,크라운 땅콩카라멜 324g,,g,,이마트몰,[<b>크라운<\/b>] <b>땅콩카라멜 324g<\/b>,,,324
404,3,해태제과 에이스 364g,,g,,이마트몰,<b>해태<\/b> <b>에이스 364g<\/b> \/간식 커피디저트,,,364
405,103,제로코카콜라 1.8L,,ml,,이마트몰,<b>코카콜라<\/b> <b>제로<\/b> <b>1.8L<\/b>,,,1800
406,105,알찬란(대란 30개),,개,,이마트몰,"<b>알찬란<\/b> 30개입 (<b>대란<\/b>,1560g)",,,30
407,113,한우 사태 1++등급 100g,,g,,이마트몰,<b>횡성축협한우 사태<\/b> 1++(9)등급 (100g),,3,100
408,107,국산 앞다리 불고기용 100g,,g,,이마트몰,국내산 앞다리 불고기용 100g,,6,100
409,77,노르웨이냉동 고등어 900g,,마리,,이마트몰,노르웨이냉동 고등어 900g,,,1
410,47,가그린 제로 750ml,,ml,,이마트몰,동아제약 <b>가그린 제로 750ML<\/b>,,,750
411,47,리스테린 쿨민트 750ml,,ml,,이마트몰,<b>리스테린 쿨민트<\/b> 마일드 <b>750mL<\/b>,,,750
412,45,AA 맥스 에너자이저 4개입,,개,,Homeplus,<b>에너자이저<\/b> 알카라인<b>맥스<\/b>건전지<b>AA<\/b> 4입,,,4
413,45,AAA 맥스 에너자이저 4개입,,개,,Homeplus,<b>에너자이저<\/b> 알카라인<b>맥스<\/b>건전지<b>AAA<\/b> 4입,,,4
414,64,다우니 2L,,ml,,이마트몰,<b>다우니 2L<\/b> 초고농축 섬유유연제 레몬그라스 라일락,,,2000
415,112,종가집 포기김치 900g,,g,,이마트몰,[<b>종가집<\/b>] <b>포기김치 900g<\/b>,,,900
416,112,비비고 포기배추김치 900g,,g,,이마트몰,CJ <b>비비고<\/b> 포기배추<b>김치<\/b> 900g,,,900
20000,1028,후지사과(10개),https://shopping-phinf.pstatic.net/main_8407743/84077433562.jpg,개,https://search.shopping.naver.com/gate.nhn?id=84077433562,,후지사과 2.5kg,,,10
20001,1051,감귤(10개),https://shopping-phinf.pstatic.net/main_8444747/84447478791.jpg,개,https://search.shopping.naver.com/gate.nhn?id=84447478791,,감귤(10개),,,10
20002,1010,건블루베리(수입)(100g),https://shopping-phinf.pstatic.net/main_3365379/33653790267.jpg,g,https://search.shopping.naver.com/gate.nhn?id=31609960989,,건블루베리(수입)(100g),,,100
20003,1024,건포도(수입)(100g),https://shopping-phinf.pstatic.net/main_9581051/9581051461.jpg,g,https://search.shopping.naver.com/gate.nhn?id=13445026202,,건포도(수입)(100g),,,100
20004,1023,단감(10개),https://shopping-phinf.pstatic.net/main_8220292/82202925253.jpg,개,https://search.shopping.naver.com/gate.nhn?id=31990915600,,단감 10입,,,10
20005,1030,레몬(수입)(10개),https://shopping-phinf.pstatic.net/main_8174067/81740677006.jpg,개,https://search.shopping.naver.com/gate.nhn?id=84802893167,,수입 레몬 10과,,,10
20006,1013,망고(수입)(1개),https://shopping-phinf.pstatic.net/main_8346618/83466180771.2.jpg,개,https://search.shopping.naver.com/gate.nhn?id=83466180771,,망고 500g 1개,,,1
20007,1036,바나나(수입)(100g),https://shopping-phinf.pstatic.net/main_1669042/16690429189.1.jpg,g,https://search.shopping.naver.com/gate.nhn?id=20207290992,,스미후루 키위티 <b>바나나</b> (<b>1송이</b>),,,300
20008,1021,신고배(10개),https://shopping-phinf.pstatic.net/main_3291084/32910841659.jpg,개,https://search.shopping.naver.com/gate.nhn?id=32839048148,,신고배 10과,,,10
20009,1048,백도(10개),https://shopping-phinf.pstatic.net/main_3370498/33704984885.jpg,개,https://search.shopping.naver.com/gate.nhn?id=32782973971,,백도 10과,,,10
20010,1046,오렌지(네이블미국)(10개),https://shopping-phinf.pstatic.net/main_8010961/80109615031.8.jpg,개,https://search.shopping.naver.com/gate.nhn?id=80109615031,,오렌지(네이블미국)(10개),,,10
20012,1040,참다래(그린뉴질랜드)(10개),https://shopping-phinf.pstatic.net/main_3192737/31927379507.jpg,개,https://search.shopping.naver.com/gate.nhn?id=31927379507,,참다래(그린뉴질랜드)(10개),,,10
20013,1047,체리(수입)(100g),https://shopping-phinf.pstatic.net/main_2277068/22770681934.jpg,g,https://search.shopping.naver.com/gate.nhn?id=31927379507,,체리 400g 10row,,,400
20014,1032,파인애플(수입)(1개),https://shopping-phinf.pstatic.net/main_8422931/84229316082.jpg,개,https://search.shopping.naver.com/gate.nhn?id=34108502008,,파인애플 1과,,,1
20015,1033,캠벨얼리(1kg),https://shopping-phinf.pstatic.net/main_8216823/82168233467.jpg,kg,https://search.shopping.naver.com/gate.nhn?id=28777057893,,캠벨얼리(1kg),,,1
20016,1016,밤고구마(1kg),https://shopping-phinf.pstatic.net/main_1133076/11330763953.4.jpg,kg,https://search.shopping.naver.com/gate.nhn?id=83271470477,,밤고구마(1kg),,,1
20017,1039,녹두(국산)(500g),https://shopping-phinf.pstatic.net/main_6545946/6545946164.14.jpg,g,https://search.shopping.naver.com/gate.nhn?id=80536608953,,국내산 통녹두 500g,,,500
20018,1041,쌀(일반계)(20kg),https://shopping-phinf.pstatic.net/main_1666995/16669957087.20181219095952.jpg,kg,https://search.shopping.naver.com/gate.nhn?id=33979689869,,쌀 20kg,,,20
20019,1020,찹쌀(일반계)(1kg),https://shopping-phinf.pstatic.net/main_1023062/10230629966.4.jpg,kg,https://search.shopping.naver.com/gate.nhn?id=18427257614,,국산 햇찹쌀 1kg,,,1
20020,1022,흰콩(국산)(500g),https://shopping-phinf.pstatic.net/main_1018310/10183102055.7.jpg,g,https://search.shopping.naver.com/gate.nhn?id=82225085777,,토종원 국내산 <b>흰콩 500g<\/b>,,,500
20021,1035,붉은팥(국산)(500g),https://shopping-phinf.pstatic.net/main_1279308/12793081088.2.jpg,g,https://search.shopping.naver.com/gate.nhn?id=10688171085,,국산 적두 500g,,,500
20022,1014,수미감자(100g),https://shopping-phinf.pstatic.net/main_3493560/34935609742.jpg,g,https://search.shopping.naver.com/gate.nhn?id=10085994248,,수미감자 3kg,,,3000
20023,1025,고춧가루(국산)(1kg),https://shopping-phinf.pstatic.net/main_8349457/83494571511.2.jpg,kg,https://search.shopping.naver.com/gate.nhn?id=34935609742,,국산100% 고추가루 1kg,,,1
20024,1042,깐마늘(국산)(1kg),https://shopping-phinf.pstatic.net/main_9655310/9655310778.7.jpg,kg,https://search.shopping.naver.com/gate.nhn?id=8121556632,,국내산 깐마늘 1kg,,,1
20025,1002,깻잎(100g),https://shopping-phinf.pstatic.net/main_8252051/82520518492.jpg,g,https://search.shopping.naver.com/gate.nhn?id=82553916016,,깻잎(100g),,,100
20026,1015,무세척당근(1kg),https://shopping-phinf.pstatic.net/main_8293143/82931438615.jpg,kg,https://search.shopping.naver.com/gate.nhn?id=82520518492,,흙당근(1kg),,,1
20027,1007,딸기(100g),https://shopping-phinf.pstatic.net/main_8291443/82914431966.jpg,g,https://search.shopping.naver.com/gate.nhn?id=82219909745,,딸기 500g팩,,,500
20028,1000,멜론(1개),https://shopping-phinf.pstatic.net/main_8316376/83163762067.10.jpg,개,https://search.shopping.naver.com/gate.nhn?id=32412431779,,멜론(1개),,,1
20029,1050,무(1개),https://shopping-phinf.pstatic.net/main_8261293/82612935637.jpg,개,https://search.shopping.naver.com/gate.nhn?id=84481838137,,무(1개),,,1
20030,1006,방울토마토(1kg),https://shopping-phinf.pstatic.net/main_8432909/84329099811.4.jpg,kg,https://search.shopping.naver.com/gate.nhn?id=82612935637,,방울토마토(1kg),,,1
20031,1049,배추(1포기),https://shopping-phinf.pstatic.net/main_8380868/83808686011.jpg,포기,https://search.shopping.naver.com/gate.nhn?id=83541983323,,배추(1포기),,,1
20032,1017,붉은고추(100g),https://shopping-phinf.pstatic.net/main_8263030/82630305380.1.jpg,g,https://search.shopping.naver.com/gate.nhn?id=83185784965,,홍고추 100g,,,100
20033,1037,적상추(100g),https://shopping-phinf.pstatic.net/main_2613254/26132545573.jpg,g,https://search.shopping.naver.com/gate.nhn?id=82189228238,,적상추(100g),,,100
20034,1031,생강(국산)(1kg),https://shopping-phinf.pstatic.net/main_7130268/7130268252.13.jpg,kg,https://search.shopping.naver.com/gate.nhn?id=83443829916,,생강(국산)(1kg),,,1
20035,1018,수박(1개),https://shopping-phinf.pstatic.net/main_2193442/21934424847.jpg,개,https://search.shopping.naver.com/gate.nhn?id=11090136448,,수박 1개 5kg,,,1
20036,1003,시금치(1kg),https://shopping-phinf.pstatic.net/main_8277788/82777884726.jpg,kg,https://search.shopping.naver.com/gate.nhn?id=33312183076,,포항초 노지 <b>시금치<\/b> <b>1kg<\/b> 2kg 포항 남해 보물초,,,1
20037,1008,양배추(1포기),https://shopping-phinf.pstatic.net/main_1185661/11856619822.jpg,포기,https://search.shopping.naver.com/gate.nhn?id=82777884726,,국내산 양배추 1통,,,1
20038,1027,양파(1kg),https://shopping-phinf.pstatic.net/main_8328972/83289723745.jpg,kg,https://search.shopping.naver.com/gate.nhn?id=29697772127,,깐양파 1kg,,,1
20039,1011,얼갈이배추(1kg),https://shopping-phinf.pstatic.net/main_8284625/82846258196.1.jpg,kg,https://search.shopping.naver.com/gate.nhn?id=83289723745,,생 얼갈이배추(1kg),,,1
20040,1038,열무(1kg),https://shopping-phinf.pstatic.net/main_3342456/33424566233.jpg,kg,https://search.shopping.naver.com/gate.nhn?id=82846258196,,생 열무(1kg),,,1
20041,1004,가시오이(10개),https://shopping-phinf.pstatic.net/main_3155089/31550890788.1.jpg,개,https://search.shopping.naver.com/gate.nhn?id=29387261606,,<b>가시오이<\/b> <b>10개<\/b> 오이 상품 못난이오이 피클오이 백오이,,,10
20042,1045,참외(10개),https://shopping-phinf.pstatic.net/main_8395656/83956567803.jpg,개,https://search.shopping.naver.com/gate.nhn?id=34628323490,,참외(10개),,,10
20043,1026,토마토(1kg),https://shopping-phinf.pstatic.net/main_8432909/84329099811.4.jpg,kg,https://search.shopping.naver.com/gate.nhn?id=32734481009,,찰토마토(1kg),,,1
20044,1029,대파(1kg),https://shopping-phinf.pstatic.net/main_8267106/82671062730.2.jpg,kg,https://search.shopping.naver.com/gate.nhn?id=83541983323,,흙대파(1kg),,,1
20045,1034,파프리카(200g),https://shopping-phinf.pstatic.net/main_8228963/82289636499.jpg,g,https://search.shopping.naver.com/gate.nhn?id=83532765802,,파프리카(200g),,,200
20046,1017,풋고추(100g),https://shopping-phinf.pstatic.net/main_3479692/34796926104.jpg,g,https://search.shopping.naver.com/gate.nhn?id=82552739957,,풋고추(100g),,,100
20047,1043,청피망(100g),https://shopping-phinf.pstatic.net/main_3489920/34899200561.jpg,g,https://search.shopping.naver.com/gate.nhn?id=82800529115,,청피망(100g),,,100
20048,1009,애호박(1개),https://shopping-phinf.pstatic.net/main_8262536/82625361864.jpg,개,https://search.shopping.naver.com/gate.nhn?id=5658787254,,애호박(1개),,,1
20049,1012,애느타리버섯(100g),https://shopping-phinf.pstatic.net/main_8314714/83147143125.1.jpg,g,https://search.shopping.naver.com/gate.nhn?id=83443826169,,애느타리버섯(100g),,,100
20050,1019,땅콩(국산)(100g),https://shopping-phinf.pstatic.net/main_3365385/33653852258.jpg,g,https://search.shopping.naver.com/gate.nhn?id=82693907714,,국산 생땅콩 1kg,,,1000
20051,1019,땅콩(수입)(100g),https://shopping-phinf.pstatic.net/main_3365385/33653852258.jpg,g,https://search.shopping.naver.com/gate.nhn?id=83244562414,,수입 생땅콩 1kg,,,1000
20052,1012,새송이버섯(100g),https://shopping-phinf.pstatic.net/main_8478974/84789749434.jpg,g,https://search.shopping.naver.com/gate.nhn?id=83244562414,,새송이버섯(100g),,,100
20053,1005,아몬드(수입)(100g),https://shopping-phinf.pstatic.net/main_3266195/32661955619.20220530155250.jpg,g,https://search.shopping.naver.com/gate.nhn?id=11758654486,,수입 생아몬드 100g,,,100
20054,1044,백색참깨(국산)(500g),https://shopping-phinf.pstatic.net/main_8288158/82881580367.6.jpg,g,https://search.shopping.naver.com/gate.nhn?id=32661955619,,백색참깨(국산)(500g),,,500
20055,1012,팽이버섯(150g),https://shopping-phinf.pstatic.net/main_8387819/83878196088.2.jpg,g,https://search.shopping.naver.com/gate.nhn?id=82881580367,,팽이버섯(150g),,,150
20056,1001,호두(수입)(100g),https://shopping-phinf.pstatic.net/main_8110700/81107005213.3.jpg,g,https://search.shopping.naver.com/gate.nhn?id=34029601484,,호두(수입)(100g),,,100