goods_id,product_id,name,img,capacity,measure,ea,cheap_url
0,0,오리온 포카칩 오리지널(66g),https://shopping-phinf.pstatic.net/main_1002230/10022307872.20210218122657.jpg,-,g,-,오리온 포카칩 오리지널(66g)_url
1,0,칩포테이토 오리지날,https://shopping-phinf.pstatic.net/main_8315156/83151560206.2.jpg,-,g,-,칩포테이토 오리지날_url
2,0,포테토칩 오리지날(125g),https://shopping-phinf.pstatic.net/main_2337124/23371248628.10.jpg,-,g,-,포테토칩 오리지날(125g)_url
3,1,롯데 자일리톨 오리지날(87g),https://shopping-phinf.pstatic.net/main_3321305/33213055631.20220630153947.jpg,-,g,-,롯데 자일리톨 오리지날(87g)_url
4,1,롯데 자일리톨 오리지날(97g),https://shopping-phinf.pstatic.net/main_8216473/82164738880.jpg,-,g,-,롯데 자일리톨 오리지날(97g)_url
5,3,아이비(270g),https://shopping-phinf.pstatic.net/main_2128737/21287370904.20210225154358.jpg,-,g,-,아이비(270g)_url
6,3,참크래커(280g),https://shopping-phinf.pstatic.net/main_3060798/30607981398.20220321183625.jpg,-,g,-,참크래커(280g)_url
7,4,돼지바(70ml),https://shopping-phinf.pstatic.net/main_3444971/34449713956.20220903093306.jpg,-,ml,-,돼지바(70ml)_url
8,4,메로나(75ml),https://shopping-phinf.pstatic.net/main_3141151/31411511014.20220323011943.jpg,-,ml,-,메로나(75ml)_url
9,5,롯데 목캔디 허브민트(217g),https://shopping-phinf.pstatic.net/main_3186070/31860708090.2.jpg,-,g,-,롯데 목캔디 허브민트(217g)_url
10,5,오리온 통아몬드 캔디(90g),https://shopping-phinf.pstatic.net/main_7547758/7547758292.20140404110017.jpg,-,g,-,오리온 통아몬드 캔디(90g)_url
11,6,롯데 월드콘 바닐라(160ml),https://shopping-phinf.pstatic.net/main_1860015/18600156488.10.jpg,-,ml,-,롯데 월드콘 바닐라(160ml)_url
12,6,투게더 오리지널 바닐라(900ml),https://shopping-phinf.pstatic.net/main_3466857/34668575702.jpg,-,ml,-,투게더 오리지널 바닐라(900ml)_url
13,7,닥터유 에너지바(40g),https://shopping-phinf.pstatic.net/main_2502634/25026346516.20201128202940.jpg,-,g,-,닥터유 에너지바(40g)_url
14,7,닥터유 에너지바(4개입),https://shopping-phinf.pstatic.net/main_3168133/31681338676.20220409020133.jpg,-,g,-,닥터유 에너지바(4개입)_url
15,7,켈로그 레드베리 에너지바(4개입),https://shopping-phinf.pstatic.net/main_2642345/26423454691.20210319195604.jpg,-,g,-,켈로그 레드베리 에너지바(4개입)_url
16,8,자유시간(36g),https://shopping-phinf.pstatic.net/main_5726084/5726084041.20160927101747.jpg,-,g,-,자유시간(36g)_url
17,8,자유시간(5개입),https://shopping-phinf.pstatic.net/main_3475086/34750866151.jpg,-,g,-,자유시간(5개입)_url
18,8,핫브레이크 미니(714g),https://shopping-phinf.pstatic.net/main_1161129/11611294830.20170527223853.jpg,-,g,-,핫브레이크 미니(714g)_url
19,9,몽쉘 크림(384g),https://shopping-phinf.pstatic.net/main_3116162/31161626095.jpg,-,g,-,몽쉘 크림(384g)_url
20,9,오리온 초코파이(18개입),https://shopping-phinf.pstatic.net/main_2328963/23289636036.20200627231238.jpg,-,g,-,오리온 초코파이(18개입)_url
21,10,롯데 ABC 초코(187g),https://shopping-phinf.pstatic.net/main_2904607/29046073565.1.jpg,-,g,-,롯데 ABC 초코(187g)_url
22,10,롯데 ABC 초코(65g),https://shopping-phinf.pstatic.net/main_1121292/11212929871.jpg,-,g,-,롯데 ABC 초코(65g)_url
23,10,롯데 빅가나 마일드(110g),https://shopping-phinf.pstatic.net/main_9437515/9437515717.20160219145434.jpg,-,g,-,롯데 빅가나 마일드(110g)_url
24,11,양조간장 501,https://shopping-phinf.pstatic.net/main_3022393/30223935686.20211220023511.jpg,-,ml,-,양조간장 501_url
25,11,진간장 금F3(930ml),https://shopping-phinf.pstatic.net/main_2127276/21272769633.20200312151220.jpg,-,ml,-,진간장 금F3(930ml)_url
26,12,순창 오리지널 우리쌀 찰고추장(1kg),,-,g,-,순창 오리지널 우리쌀 찰고추장(1kg)_url
27,12,해찬들 우리쌀태양초골드(1kg),https://shopping-phinf.pstatic.net/main_8405696/84056969412.3.jpg,-,g,-,해찬들 우리쌀태양초골드(1kg)_url
28,13,백설 소면(900g),https://shopping-phinf.pstatic.net/main_7656742/7656742475.20180629113449.jpg,-,g,-,백설 소면(900g)_url
29,13,옛날국수 소면(900g),https://shopping-phinf.pstatic.net/main_2897260/28972601867.20220507031511.jpg,-,g,-,옛날국수 소면(900g)_url
30,14,동서 아카시아꿀(600g),https://shopping-phinf.pstatic.net/main_8577008/8577008841.20150605153543.jpg,-,g,-,동서 아카시아꿀(600g)_url
31,15,CJ 100% 국산 햇당면(400g),https://shopping-phinf.pstatic.net/main_2979148/29791484167.jpg,-,g,-,CJ 100% 국산 햇당면(400g)_url
32,15,백설 자른 햇당면(300g),https://shopping-phinf.pstatic.net/main_3275947/32759470517.20220605161214.jpg,-,g,-,백설 자른 햇당면(300g)_url
33,15,옛날 자른당면(300g),https://shopping-phinf.pstatic.net/main_5716183/5716183174.20150128155031.jpg,-,g,-,옛날 자른당면(300g)_url
34,15,옛날당면,https://shopping-phinf.pstatic.net/main_3100721/31007213526.20220422101126.jpg,-,g,-,옛날당면_url
35,16,샘표 시골집 토장(900g),https://shopping-phinf.pstatic.net/main_2332332/23323323947.20220306011559.jpg,-,g,-,샘표 시골집 토장(900g)_url
36,16,순창 재래식안심생된장(1kg),https://shopping-phinf.pstatic.net/main_3361640/33616402394.20220721135423.jpg,-,g,-,순창 재래식안심생된장(1kg)_url
37,16,해찬들 재래식 된장(1kg),https://shopping-phinf.pstatic.net/main_2704932/27049327009.20210506181042.jpg,-,g,-,해찬들 재래식 된장(1kg)_url
38,17,국산콩두부 부침용(380g),https://shopping-phinf.pstatic.net/main_3169337/31693372969.20220409171037.jpg,-,g,-,국산콩두부 부침용(380g)_url
39,17,국산콩두부 찌개용(380g),https://shopping-phinf.pstatic.net/main_3324688/33246888313.jpg,-,g,-,국산콩두부 찌개용(380g)_url
40,17,행복한콩 찌개두부(300g),https://shopping-phinf.pstatic.net/main_8241764/82417645476.jpg,-,g,-,행복한콩 찌개두부(300g)_url
41,18,청정원 발사믹 드레싱,https://shopping-phinf.pstatic.net/main_7139355/7139355600.20201224103614.jpg,-,g,-,청정원 발사믹 드레싱_url
42,18,청정원 오리엔탈 드레싱,https://shopping-phinf.pstatic.net/main_8308497/83084971070.jpg,-,g,-,청정원 오리엔탈 드레싱_url
43,19,오뚜기 고소한 골드 마요네즈(500g),https://shopping-phinf.pstatic.net/main_2515407/25154070522.20201209144122.jpg,-,g,-,오뚜기 고소한 골드 마요네즈(500g)_url
44,19,청정원 고소한 마요네즈(500g),https://shopping-phinf.pstatic.net/main_1082911/10829111644.20200101141821.jpg,-,g,-,청정원 고소한 마요네즈(500g)_url
45,20,곰표 밀가루 중력다목적용(1kg),https://shopping-phinf.pstatic.net/main_7802517/7802517521.20200101134922.jpg,-,g,-,곰표 밀가루 중력다목적용(1kg)_url
46,20,백설 중력밀가루(1kg),https://shopping-phinf.pstatic.net/main_6737027/6737027593.20191231200536.jpg,-,g,-,백설 중력밀가루(1kg)_url
47,20,백설 찰밀가루(1kg),https://shopping-phinf.pstatic.net/main_8414685/84146850343.jpg,-,g,-,백설 찰밀가루(1kg)_url
48,21,백설 5가지 재료 부침가루(1kg),https://shopping-phinf.pstatic.net/main_8344370/83443709746.1.jpg,-,g,-,백설 5가지 재료 부침가루(1kg)_url
49,21,백설부침가루(1kg),https://shopping-phinf.pstatic.net/main_7586117/7586117176.20180629161708.jpg,-,g,-,백설부침가루(1kg)_url
50,21,오뚜기 부침가루(1kg),https://shopping-phinf.pstatic.net/main_2251930/22519309678.20200417134813.jpg,-,g,-,오뚜기 부침가루(1kg)_url
51,22,백설 자일로스 설탕(1kg),https://shopping-phinf.pstatic.net/main_8418316/84183160376.jpg,-,g,-,백설 자일로스 설탕(1kg)_url
52,22,백설 하얀설탕(1kg),https://shopping-phinf.pstatic.net/main_7418111/7418111092.20180629161546.jpg,-,g,-,백설 하얀설탕(1kg)_url
53,22,큐원 하얀설탕(1kg),https://shopping-phinf.pstatic.net/main_5671629/5671629643.20160608150510.jpg,-,g,-,큐원 하얀설탕(1kg)_url
54,22,푸드림 하얀설탕,https://shopping-phinf.pstatic.net/main_8541588/8541588793.20150527164724.jpg,-,g,-,푸드림 하얀설탕_url
55,23,백설 구운소금(500g),https://shopping-phinf.pstatic.net/main_1327190/13271900045.20180425120811.jpg,-,g,-,백설 구운소금(500g)_url
56,23,백설꽃소금,https://shopping-phinf.pstatic.net/main_1395489/13954892789.20191231190113.jpg,-,g,-,백설꽃소금_url
57,23,청정원 미원 맛소금(500g),https://shopping-phinf.pstatic.net/main_3439844/34398449060.jpg,-,g,-,청정원 미원 맛소금(500g)_url
58,23,청정원 신안섬보배 천일염 가는소금(500g),https://shopping-phinf.pstatic.net/main_8343951/83439515051.jpg,-,g,-,청정원 신안섬보배 천일염 가는소금(500g)_url
59,23,해표 꽃소금(1kg),https://shopping-phinf.pstatic.net/main_7890493/7890493514.20160610163407.jpg,-,g,-,해표 꽃소금(1kg)_url
60,24,맑고신선한옥수수유,https://shopping-phinf.pstatic.net/main_8358679/83586797221.jpg,-,ml,-,맑고신선한옥수수유_url
61,24,백설 식용유(1.5L),https://shopping-phinf.pstatic.net/main_3439028/34390282343.jpg,-,ml,-,백설 식용유(1.5L)_url
62,24,백설국내콩기름,https://shopping-phinf.pstatic.net/main_3467906/34679064920.jpg,-,ml,-,백설국내콩기름_url
63,24,오뚜기 콩기름 100%(900ml),https://shopping-phinf.pstatic.net/main_3342128/33421287861.jpg,-,ml,-,오뚜기 콩기름 100%(900ml)_url
64,24,해표 맑고 신선한 식용유(900ml),https://shopping-phinf.pstatic.net/main_3335500/33355008755.jpg,-,ml,-,해표 맑고 신선한 식용유(900ml)_url
65,25,대상 사과식초,https://shopping-phinf.pstatic.net/main_1736894/17368944722.20190207170338.jpg,-,ml,-,대상 사과식초_url
66,25,백설 건강발효 사과식초(800ml),https://shopping-phinf.pstatic.net/main_2264976/22649769536.5.jpg,-,ml,-,백설 건강발효 사과식초(800ml)_url
67,25,백설 건강발효 현미식초(800ml),https://shopping-phinf.pstatic.net/main_3269139/32691397626.20220601141901.jpg,-,ml,-,백설 건강발효 현미식초(800ml)_url
68,25,오뚜기 사과식초(900ml),https://shopping-phinf.pstatic.net/main_2624920/26249204522.20210305144413.jpg,-,ml,-,오뚜기 사과식초(900ml)_url
69,26,청정원 순창 양념듬뿍 쌈장(500g),https://shopping-phinf.pstatic.net/main_2252721/22527211869.20211229095747.jpg,-,g,-,청정원 순창 양념듬뿍 쌈장(500g)_url
70,26,해찬들 사계절 쌈장(500g),https://shopping-phinf.pstatic.net/main_2399715/23997156852.20200901182726.jpg,-,g,-,해찬들 사계절 쌈장(500g)_url
71,26,해표 순창궁 양념쌈장(500g),https://shopping-phinf.pstatic.net/main_2770747/27707472874.20210624031801.jpg,-,g,-,해표 순창궁 양념쌈장(500g)_url
72,27,딸기잼(500g),https://shopping-phinf.pstatic.net/main_3284789/32847893610.20220609164947.jpg,-,g,-,딸기잼(500g)_url
73,27,복음자리 딸기잼(370g),https://shopping-phinf.pstatic.net/main_2859390/28593909617.20220510061304.jpg,-,g,-,복음자리 딸기잼(370g)_url
74,28,백설 진한참기름,https://shopping-phinf.pstatic.net/main_7602618/7602618844.20200430154051.jpg,-,ml,-,백설 진한참기름_url
75,28,오뚜기 참기름(320ml),https://shopping-phinf.pstatic.net/main_5778365/5778365685.20130214151300.jpg,-,ml,-,오뚜기 참기름(320ml)_url
76,28,참진한 참기름(해표),https://shopping-phinf.pstatic.net/main_2817426/28174263346.jpg,-,ml,-,참진한 참기름(해표)_url
77,29,오뚜기카레 순한맛(100g),https://shopping-phinf.pstatic.net/main_5717851/5717851168.20160628182911.jpg,-,g,-,오뚜기카레 순한맛(100g)_url
78,29,청정원 카레여왕 구운마늘&amp;양파(108g),https://shopping-phinf.pstatic.net/main_2242034/22420341362.1.jpg,-,g,-,청정원 카레여왕 구운마늘&amp;양파(108g)_url
79,30,오뚜기 토마토 케찹(500g),https://shopping-phinf.pstatic.net/main_5670323/5670323122.20180222154705.jpg,-,g,-,오뚜기 토마토 케찹(500g)_url
80,30,청정원 진한 토마토 케찹(500g),https://shopping-phinf.pstatic.net/main_3257941/32579419116.jpg,-,g,-,청정원 진한 토마토 케찹(500g)_url
81,31,산들애 국내산 해물(250g),https://shopping-phinf.pstatic.net/main_3046169/30461693646.jpg,-,g,-,산들애 국내산 해물(250g)_url
82,31,청정원 맛선생 국내산해물(250g),https://shopping-phinf.pstatic.net/main_3380360/33803609051.jpg,-,g,-,청정원 맛선생 국내산해물(250g)_url
83,32,CJ 비비고 왕교자(910g),https://shopping-phinf.pstatic.net/main_3309757/33097574055.1.jpg,-,g,-,CJ 비비고 왕교자(910g)_url
84,32,고향만두(1.08kg),https://shopping-phinf.pstatic.net/main_2585601/25856019893.20210304111239.jpg,-,g,-,고향만두(1.08kg)_url
85,32,비비고 왕교자(1.05kg),https://shopping-phinf.pstatic.net/main_2947080/29470804856.20220505042032.jpg,-,g,-,비비고 왕교자(1.05kg)_url
86,32,생야채돼지고기물만두(800g),https://shopping-phinf.pstatic.net/main_3465069/34650693387.jpg,-,g,-,생야채돼지고기물만두(800g)_url
87,33,삼양라면(5개입),https://shopping-phinf.pstatic.net/main_1229305/12293059859.1.jpg,-,개,-,삼양라면(5개입)_url
88,33,신라면(5개입),https://shopping-phinf.pstatic.net/main_8253646/82536460814.jpg,-,개,-,신라면(5개입)_url
89,33,진라면 순한맛(5개입),https://shopping-phinf.pstatic.net/main_5811649/5811649823.4.jpg,-,개,-,진라면 순한맛(5개입)_url
90,34,삼립호떡 미니꿀호떡(16개입),https://shopping-phinf.pstatic.net/main_3089373/30893730829.jpg,-,g,-,삼립호떡 미니꿀호떡(16개입)_url
91,34,샤니 속이알찬 단팥빵(255g),https://shopping-phinf.pstatic.net/main_2877705/28777050517.jpg,-,g,-,샤니 속이알찬 단팥빵(255g)_url
92,34,아침엔 우유 토스트(330g),https://shopping-phinf.pstatic.net/main_8250828/82508283544.1.jpg,-,g,-,아침엔 우유 토스트(330g)_url
93,34,정통크림빵(3개입),https://shopping-phinf.pstatic.net/main_8306603/83066039688.jpg,-,g,-,정통크림빵(3개입)_url
94,34,탕종숙식빵(420g),https://shopping-phinf.pstatic.net/main_3274136/32741361457.jpg,-,g,-,탕종숙식빵(420g)_url
95,35,보노 콘스프(3개입),https://shopping-phinf.pstatic.net/main_8273718/82737184604.4.jpg,-,g,-,보노 콘스프(3개입)_url
96,35,보노 포르치니버섯스프(3개입),https://shopping-phinf.pstatic.net/main_5714553/5714553950.20210127150447.jpg,-,g,-,보노 포르치니버섯스프(3개입)_url
97,35,오뚜기 크림스프(80g),https://shopping-phinf.pstatic.net/main_5682193/5682193894.20220125164559.jpg,-,g,-,오뚜기 크림스프(80g)_url
98,35,청정원 우리쌀 크림스프,https://shopping-phinf.pstatic.net/main_7802594/7802594800.20200211125204.jpg,-,g,-,청정원 우리쌀 크림스프_url
99,36,스페셜K 오리지널(480g),https://shopping-phinf.pstatic.net/main_2988265/29882657350.7.jpg,-,g,-,스페셜K 오리지널(480g)_url
100,36,켈로그 콘푸로스트(600g),https://shopping-phinf.pstatic.net/main_1180936/11809367883.20211122113406.jpg,-,g,-,켈로그 콘푸로스트(600g)_url
101,36,포스트 콘푸라이트(600g),https://shopping-phinf.pstatic.net/main_5682963/5682963997.20150128180941.jpg,-,g,-,포스트 콘푸라이트(600g)_url
102,38,맛있는 미역국,https://shopping-phinf.pstatic.net/main_5717566/5717566484.20180906140059.jpg,-,g,-,맛있는 미역국_url
103,38,오뚜기 간편 미역국(5개입),https://shopping-phinf.pstatic.net/main_1360386/13603862469.20180402135115.jpg,-,g,-,오뚜기 간편 미역국(5개입)_url
104,38,오뚜기 간편 북엇국(5개입),https://shopping-phinf.pstatic.net/main_8358266/83582665649.jpg,-,g,-,오뚜기 간편 북엇국(5개입)_url
105,38,오뚜기 맛있는 북어국(34g),https://shopping-phinf.pstatic.net/main_7659094/7659094486.20201119115135.jpg,-,g,-,오뚜기 맛있는 북어국(34g)_url
106,39,3분 쇠고기짜장(200g),https://shopping-phinf.pstatic.net/main_1185155/11851558331.20170711095806.jpg,-,g,-,3분 쇠고기짜장(200g)_url
107,39,3분 쇠고기카레(200g),https://shopping-phinf.pstatic.net/main_5713985/5713985601.20180223114719.jpg,-,g,-,3분 쇠고기카레(200g)_url
108,39,오뚜기 3분 백세카레 약간 매운맛(200g),https://shopping-phinf.pstatic.net/main_3271325/32713256619.20220602143344.jpg,-,g,-,오뚜기 3분 백세카레 약간 매운맛(200g)_url
109,39,청정원 옛날식 짜장(180g),https://shopping-phinf.pstatic.net/main_2647724/26477246525.20210323112134.jpg,-,g,-,청정원 옛날식 짜장(180g)_url
110,39,청정원 카레여왕 비프카레(160g),https://shopping-phinf.pstatic.net/main_5715622/5715622412.20160701165043.jpg,-,g,-,청정원 카레여왕 비프카레(160g)_url
111,40,오뚜기밥(210g),https://shopping-phinf.pstatic.net/main_5641041/5641041847.20210611153512.jpg,-,g,-,오뚜기밥(210g)_url
112,40,오뚜기밥(6개입) ,https://shopping-phinf.pstatic.net/main_2640080/26400809976.3.jpg,-,g,-,오뚜기밥(6개입) _url
113,40,햇반(210g),https://shopping-phinf.pstatic.net/main_5825766/5825766254.20180629154959.jpg,-,g,-,햇반(210g)_url
114,40,햇반(3개입),https://shopping-phinf.pstatic.net/main_3365384/33653840418.jpg,-,g,-,햇반(3개입)_url
115,40,햇반(6개입),https://shopping-phinf.pstatic.net/main_3294892/32948925009.31.jpg,-,g,-,햇반(6개입)_url
116,40,햇반(엄마가해주신밥 6+2개입),https://shopping-phinf.pstatic.net/main_8198679/81986796979.jpg,-,g,-,햇반(엄마가해주신밥 6+2개입)_url
117,41,동원 양반 쇠고기죽(287.5g),https://shopping-phinf.pstatic.net/main_5681681/5681681155.20191024151513.jpg,-,g,-,동원 양반 쇠고기죽(287.5g)_url
118,41,동원 양반 쇠고기죽(288g),https://shopping-phinf.pstatic.net/main_8344318/83443181845.jpg,-,g,-,동원 양반 쇠고기죽(288g)_url
119,41,동원 양반 전복죽(287.5g),https://shopping-phinf.pstatic.net/main_3327528/33275286621.20220704165448.jpg,-,g,-,동원 양반 전복죽(287.5g)_url
120,41,동원 양반 전복죽(288g),https://shopping-phinf.pstatic.net/main_8344394/83443945817.2.jpg,-,g,-,동원 양반 전복죽(288g)_url
121,41,비비고 소고기죽(280g),https://shopping-phinf.pstatic.net/main_8393296/83932968933.jpg,-,g,-,비비고 소고기죽(280g)_url
122,41,비비고 전복죽(280g),https://shopping-phinf.pstatic.net/main_8393296/83932968933.jpg,-,g,-,비비고 전복죽(280g)_url
123,41,오뚜기 새송이 쇠고기죽(285g),https://shopping-phinf.pstatic.net/main_1071585/10715853590.20161201173557.jpg,-,g,-,오뚜기 새송이 쇠고기죽(285g)_url
124,41,오뚜기 전복죽(285g),https://shopping-phinf.pstatic.net/main_8322581/83225812083.jpg,-,g,-,오뚜기 전복죽(285g)_url
125,42,농심 신라면 큰사발면(114g),https://shopping-phinf.pstatic.net/main_5648381/5648381071.20201203163932.jpg,-,g,-,농심 신라면 큰사발면(114g)_url
126,42,오뚜기 참깨라면 컵(110g),https://shopping-phinf.pstatic.net/main_8340003/83400039085.jpg,-,g,-,오뚜기 참깨라면 컵(110g)_url
127,42,팔도 왕뚜껑(110g),https://shopping-phinf.pstatic.net/main_5655554/5655554223.20191231161228.jpg,-,g,-,팔도 왕뚜껑(110g)_url
128,43,오뚜기 맛있는 쇠고기미역국밥(162g),https://shopping-phinf.pstatic.net/main_1008164/10081647411.jpg,-,g,-,오뚜기 맛있는 쇠고기미역국밥(162g)_url
129,43,오뚜기 제육덮밥(280g),https://shopping-phinf.pstatic.net/main_2658730/26587300370.10.jpg,-,g,-,오뚜기 제육덮밥(280g)_url
130,43,오뚜기 컵밥 제육덮밥(310g),https://shopping-phinf.pstatic.net/main_2382308/23823086527.20200819152454.jpg,-,g,-,오뚜기 컵밥 제육덮밥(310g)_url
131,43,햇반 컵반 고추장 제육덮밥(250g),https://shopping-phinf.pstatic.net/main_2752167/27521670523.20210610171401.jpg,-,g,-,햇반 컵반 고추장 제육덮밥(250g)_url
132,43,햇반 컵반 미역국밥(167g),https://shopping-phinf.pstatic.net/main_8360513/83605131180.1.jpg,-,g,-,햇반 컵반 미역국밥(167g)_url
133,44,비비고 사골곰탕(500g),https://shopping-phinf.pstatic.net/main_1077636/10776362971.20200511124826.jpg,-,g,-,비비고 사골곰탕(500g)_url
134,44,비비고 육개장(500g),https://shopping-phinf.pstatic.net/main_1360419/13604199667.20201118112253.jpg,-,g,-,비비고 육개장(500g)_url
135,44,오뚜기 옛날 사골곰탕(350g),https://shopping-phinf.pstatic.net/main_5685693/5685693766.20180709160025.jpg,-,g,-,오뚜기 옛날 사골곰탕(350g)_url
136,44,오뚜기 옛날 육개장(300g),https://shopping-phinf.pstatic.net/main_5685695/5685695803.20210611173819.jpg,-,g,-,오뚜기 옛날 육개장(300g)_url
137,46,마미손 고무장갑 중(2세트),https://shopping-phinf.pstatic.net/main_3454037/34540376193.jpg,-,개,-,마미손 고무장갑 중(2세트)_url
138,46,마미손 뷰티(중),https://shopping-phinf.pstatic.net/main_3388500/33885006371.jpg,-,개,-,마미손 뷰티(중)_url
139,46,올에이 중형 고무장갑,https://shopping-phinf.pstatic.net/main_1450917/14509173452.20180611110204.jpg,-,개,-,올에이 중형 고무장갑_url
140,46,크린랩 고무장갑 중(2세트),https://shopping-phinf.pstatic.net/main_3422617/34226175681.jpg,-,개,-,크린랩 고무장갑 중(2세트)_url
141,47,가그린 오리지널(750ml),https://shopping-phinf.pstatic.net/main_9524563/9524563061.20200729113333.jpg,-,ml,-,가그린 오리지널(750ml)_url
142,47,리스테린 쿨민트,https://shopping-phinf.pstatic.net/main_7802563/7802563503.20220412161826.jpg,-,ml,-,리스테린 쿨민트_url
143,47,리스테린 쿨민트(750ml),https://shopping-phinf.pstatic.net/main_7802563/7802563503.20220412161826.jpg,-,ml,-,리스테린 쿨민트(750ml)_url
144,48,크린랩(22cm x 50m),https://shopping-phinf.pstatic.net/main_3004227/30042271288.1044.jpg,-,m,-,크린랩(22cm x 50m)_url
145,48,크린랩(30cm x 50m),https://shopping-phinf.pstatic.net/main_8260532/82605325714.jpg,-,m,-,크린랩(30cm x 50m)_url
146,48,후레쉬랩(25cm x 50m)(3M),https://shopping-phinf.pstatic.net/main_1339308/13393087942.20180126121242.jpg,-,m,-,후레쉬랩(25cm x 50m)(3M)_url
147,49,JB 뉴 베드타임 로션(500ml),https://shopping-phinf.pstatic.net/main_3327130/33271309553.jpg,-,ml,-,JB 뉴 베드타임 로션(500ml)_url
148,49,정말 순한 바디밀크(450ml),https://shopping-phinf.pstatic.net/main_5496152/5496152492.20201218145049.jpg,-,ml,-,정말 순한 바디밀크(450ml)_url
149,51,PACE6 스타일 면도날(4개),https://shopping-phinf.pstatic.net/main_2277966/22779660605.1.jpg,-,개,-,PACE6 스타일 면도날(4개)_url
150,51,마하3 면도날,https://shopping-phinf.pstatic.net/main_1042431/10424310831.20161005141923.jpg,-,개,-,마하3 면도날_url
151,51,플로쉴드 옐로우 면도날(4개),https://shopping-phinf.pstatic.net/main_8329202/83292025762.12.jpg,-,개,-,플로쉴드 옐로우 면도날(4개)_url
152,51,하이드로5 면도날,https://shopping-phinf.pstatic.net/main_1002179/10021791909.20160706105907.jpg,-,개,-,하이드로5 면도날_url
153,51,하이드로8 면도날(8개),https://shopping-phinf.pstatic.net/main_3451554/34515548929.jpg,-,개,-,하이드로8 면도날(8개)_url
154,53,도브 뷰티 너리싱 바디워시(1kg),https://shopping-phinf.pstatic.net/main_8187814/81878148919.5.jpg,-,ml,-,도브 뷰티 너리싱 바디워시(1kg)_url
155,53,도브 센스티브 스킨 바디워시(1kg),https://shopping-phinf.pstatic.net/main_8443210/84432107849.jpg,-,ml,-,도브 센스티브 스킨 바디워시(1kg)_url
156,53,세이 온더바디 고보습 아이리스(900ml),https://shopping-phinf.pstatic.net/main_1207446/12074460244.jpg,-,ml,-,세이 온더바디 고보습 아이리스(900ml)_url
157,53,오가니스트 히말라야 핑크솔트 바디워시 리프레싱 민트향(865ml),https://shopping-phinf.pstatic.net/main_2826967/28269673556.20210803105242.jpg,-,ml,-,오가니스트 히말라야 핑크솔트 바디워시 리프레싱 민트향(865ml)_url
158,53,해피바스 라벤더 에센스 바디워시(900g),https://shopping-phinf.pstatic.net/main_5622122/5622122879.20201218143742.jpg,-,ml,-,해피바스 라벤더 에센스 바디워시(900g)_url
159,54,맥스 부탄가스(4개),https://shopping-phinf.pstatic.net/main_8256812/82568127975.jpg,-,개,-,맥스 부탄가스(4개)_url
160,54,썬 부탄가스(4개),https://shopping-phinf.pstatic.net/main_8321061/83210613505.jpg,-,개,-,썬 부탄가스(4개)_url
161,54,알프스가스,https://shopping-phinf.pstatic.net/main_8259488/82594887768.1.jpg,-,개,-,알프스가스_url
162,55,도브 뷰티바(4개),https://shopping-phinf.pstatic.net/main_2142965/21429651189.20220629163408.jpg,-,개,-,도브 뷰티바(4개)_url
163,55,드봉 스위트로즈(4개),https://shopping-phinf.pstatic.net/main_2945098/29450989623.20211029121246.jpg,-,개,-,드봉 스위트로즈(4개)_url
164,55,알뜨랑비누 핑크,https://shopping-phinf.pstatic.net/main_1822689/18226890530.1.jpg,-,개,-,알뜨랑비누 핑크_url
165,55,해피바스 허브 라벤더 아로마 바(4개),,-,개,-,해피바스 허브 라벤더 아로마 바(4개)_url
166,56,무균무때 세정제 욕실용(900ml),https://shopping-phinf.pstatic.net/main_8253310/82533101365.3.jpg,-,ml,-,무균무때 세정제 욕실용(900ml)_url
167,56,유한락스 레귤러(1.8L),https://shopping-phinf.pstatic.net/main_8400274/84002748683.jpg,-,ml,-,유한락스 레귤러(1.8L)_url
168,56,유한락스 욕실청소용(1800ml),https://shopping-phinf.pstatic.net/main_8382601/83826013553.jpg,-,ml,-,유한락스 욕실청소용(1800ml)_url
169,56,유한락스 후레쉬(1.5L),https://shopping-phinf.pstatic.net/main_3348240/33482407616.jpg,-,ml,-,유한락스 후레쉬(1.5L)_url
170,56,유한락스 후레쉬(2L),https://shopping-phinf.pstatic.net/main_1661377/16613775257.20220614155039.jpg,-,ml,-,유한락스 후레쉬(2L)_url
171,56,홈스타 락스와세제 후로랄파인(750ml),https://shopping-phinf.pstatic.net/main_1339369/13393699940.20181026094339.jpg,-,ml,-,홈스타 락스와세제 후로랄파인(750ml)_url
172,56,홈스타 욕실용 세정제(900ml),https://shopping-phinf.pstatic.net/main_2315889/23158890490.20200616095922.jpg,-,ml,-,홈스타 욕실용 세정제(900ml)_url
173,57,에프킬라 에어로졸 무향(500ml),https://shopping-phinf.pstatic.net/main_1436704/14367040846.20180523182412.jpg,-,ml,-,에프킬라 에어로졸 무향(500ml)_url
174,57,컴배트 스피드 에어졸(500ml),https://shopping-phinf.pstatic.net/main_2298572/22985726490.20200528163915.jpg,-,ml,-,컴배트 스피드 에어졸(500ml)_url
175,57,홈키파 수성 에어졸(500ml),https://shopping-phinf.pstatic.net/main_1288696/12886963535.20171205111106.jpg,-,ml,-,홈키파 수성 에어졸(500ml)_url
176,58,쏘피 바디피트 볼록맞춤 날개 중형(32개입),https://shopping-phinf.pstatic.net/main_2942089/29420890628.jpg,-,개,-,쏘피 바디피트 볼록맞춤 날개 중형(32개입)_url
177,58,좋은느낌 울트라슬림 에어핏쿠션 날개 중형(36개입),https://shopping-phinf.pstatic.net/main_8473639/84736392744.jpg,-,개,-,좋은느낌 울트라슬림 에어핏쿠션 날개 중형(36개입)_url
178,58,좋은느낌 좋은순면 울트라 날개 중형(36개입),https://shopping-phinf.pstatic.net/main_2503937/25039374349.2.jpg,-,개,-,좋은느낌 좋은순면 울트라 날개 중형(36개입)_url
179,58,화이트 시크릿홀 날개 중형(36개입),https://shopping-phinf.pstatic.net/main_2417281/24172812165.1.jpg,-,개,-,화이트 시크릿홀 날개 중형(36개입)_url
180,59,려 함빛 극손상엔영양케어 샴푸(550ml),https://shopping-phinf.pstatic.net/main_2696569/26965694522.20210429170417.jpg,-,ml,-,려 함빛 극손상엔영양케어 샴푸(550ml)_url
181,59,미쟝센 퍼펙트세럼 샴푸(680ml),https://shopping-phinf.pstatic.net/main_1071522/10715228956.20200720152240.jpg,-,ml,-,미쟝센 퍼펙트세럼 샴푸(680ml)_url
182,59,엘라스틴 마린콜라겐 탱글볼륨 샴푸,https://shopping-phinf.pstatic.net/main_2541438/25414388522.20210520150642.jpg,-,ml,-,엘라스틴 마린콜라겐 탱글볼륨 샴푸_url
183,59,엘라스틴 모로칸 아르간 오일 집중영양 샴푸(680ml),https://shopping-phinf.pstatic.net/main_2352834/23528341493.20201012100458.jpg,-,ml,-,엘라스틴 모로칸 아르간 오일 집중영양 샴푸(680ml)_url
184,60,다우니 고농축 블루튤립과 달콤한 라일락,https://shopping-phinf.pstatic.net/main_3007707/30077070555.jpg,-,ml,-,다우니 고농축 블루튤립과 달콤한 라일락_url
185,60,다우니 고농축 섬유유연제 엑스퍼트(2L),https://shopping-phinf.pstatic.net/main_2099175/20991755932.20191001110428.jpg,-,ml,-,다우니 고농축 섬유유연제 엑스퍼트(2L)_url
186,60,피죤 섬유유연제 핑크로즈(2.1L),https://shopping-phinf.pstatic.net/main_6881617/6881617555.20200430170944.jpg,-,ml,-,피죤 섬유유연제 핑크로즈(2.1L)_url
187,60,피죤 용기 옐로미모사(3.1L일반/드럼겸용),https://shopping-phinf.pstatic.net/main_3454602/34546021103.jpg,-,ml,-,피죤 용기 옐로미모사(3.1L일반/드럼겸용)_url
188,61,샤프란 네이처 섬유탈취제 프레쉬 민트(300ml),https://shopping-phinf.pstatic.net/main_2442902/24429020522.20201012140732.jpg,-,ml,-,샤프란 네이처 섬유탈취제 프레쉬 민트(300ml)_url
189,61,페브리즈 상쾌한향(370ml),https://shopping-phinf.pstatic.net/main_5825518/5825518465.20181113141703.jpg,-,ml,-,페브리즈 상쾌한향(370ml)_url
190,61,페브리즈 상쾌한향(900ml),https://shopping-phinf.pstatic.net/main_5825518/5825518967.20191231181512.jpg,-,ml,-,페브리즈 상쾌한향(900ml)_url
191,63,때가 쏙 비트 분말세제(6kg),https://shopping-phinf.pstatic.net/main_8456853/84568539355.jpg,-,g,-,때가 쏙 비트 분말세제(6kg)_url
192,63,"때가 쏙 비트(가루,리필형,4kg)",,-,g,-,"때가 쏙 비트(가루,리필형,4kg)_url"
193,63,비트 트리플 액션(2.8L),https://shopping-phinf.pstatic.net/main_8407810/84078102144.jpg,-,g,-,비트 트리플 액션(2.8L)_url
194,63,"스파크(가루,리필형,5kg)",https://shopping-phinf.pstatic.net/main_8256689/82566899192.jpg,-,g,-,"스파크(가루,리필형,5kg)_url"
195,63,테크 UP 분말세제(4kg),https://shopping-phinf.pstatic.net/main_8448783/84487831793.jpg,-,g,-,테크 UP 분말세제(4kg)_url
196,63,테크 베이킹소다 액체세제(3L),https://shopping-phinf.pstatic.net/main_2490386/24903865522.20201119170805.jpg,-,g,-,테크 베이킹소다 액체세제(3L)_url
197,64,퍼실 파워젤 액체 드럼용(2.7L),https://shopping-phinf.pstatic.net/main_8060196/80601960117.8.jpg,-,ml,-,퍼실 파워젤 액체 드럼용(2.7L)_url
198,64,퍼실 파워젤 액체 일반용(2.7L),https://shopping-phinf.pstatic.net/main_1014974/10149745086.20160803143927.jpg,-,ml,-,퍼실 파워젤 액체 일반용(2.7L)_url
199,65,피죤 습기제로(8개입),https://shopping-phinf.pstatic.net/main_8475969/84759698045.jpg,-,개,-,피죤 습기제로(8개입)_url
200,66,더블리치 간편염색 (4G 자연갈색),,-,g,-,더블리치 간편염색 (4G 자연갈색)_url
201,66,려 두피보호 한방염색 짙은 밤색 4.5(60g),https://shopping-phinf.pstatic.net/main_3289364/32893640985.jpg,-,g,-,려 두피보호 한방염색 짙은 밤색 4.5(60g)_url
202,66,리엔 흑모비책크림염색 자연갈색(60g),https://shopping-phinf.pstatic.net/main_1927275/19272756950.7.jpg,-,g,-,리엔 흑모비책크림염색 자연갈색(60g)_url
203,66,미쟝센 쉽고빠른거품염색 3N 흑갈색(40g),https://shopping-phinf.pstatic.net/main_3439168/34391687810.jpg,-,g,-,미쟝센 쉽고빠른거품염색 3N 흑갈색(40g)_url
204,67,3M 후레쉬 슬라이드 지퍼백 중형(21cm x 16cm x 6cm),https://shopping-phinf.pstatic.net/main_8459264/84592641698.jpg,-,매,-,3M 후레쉬 슬라이드 지퍼백 중형(21cm x 16cm x 6cm)_url
205,67,3M후레쉬백,https://shopping-phinf.pstatic.net/main_8313162/83131627274.1.jpg,-,매,-,3M후레쉬백_url
206,67,뽑아쓰는 크린백,https://shopping-phinf.pstatic.net/main_1009033/10090330914.3.jpg,-,매,-,뽑아쓰는 크린백_url
207,67,손잡이 크린백(35cm x 45cm),https://shopping-phinf.pstatic.net/main_3269139/32691397623.20220601115550.jpg,-,매,-,손잡이 크린백(35cm x 45cm)_url
208,67,지퍼락 지퍼백 냉장 중형(20매),https://shopping-phinf.pstatic.net/main_2966428/29664289444.jpg,-,매,-,지퍼락 지퍼백 냉장 중형(20매)_url
209,67,크린롤백(25cm x 35cm),https://shopping-phinf.pstatic.net/main_8260546/82605468414.jpg,-,매,-,크린롤백(25cm x 35cm)_url
210,67,크린백,https://shopping-phinf.pstatic.net/main_1068270/10682707127.6.jpg,-,매,-,크린백_url
211,67,크린지퍼백,https://shopping-phinf.pstatic.net/main_1152746/11527465870.2.jpg,-,매,-,크린지퍼백_url
212,67,크린지퍼백(18cm x 20cm),https://shopping-phinf.pstatic.net/main_2878135/28781352917.jpg,-,매,-,크린지퍼백(18cm x 20cm)_url
213,68,하기스 매직컴포트 대형 공용 팬티형 4단계(40매),https://shopping-phinf.pstatic.net/main_2882787/28827875589.20210913164029.jpg,-,매,-,하기스 매직컴포트 대형 공용 팬티형 4단계(40매)_url
214,68,하기스 매직컴포트 특대형 공용 팬티형 5단계(33매),https://shopping-phinf.pstatic.net/main_2882830/28828302587.20210913172335.jpg,-,매,-,하기스 매직컴포트 특대형 공용 팬티형 5단계(33매)_url
215,69,CJ 참그린 ,https://shopping-phinf.pstatic.net/main_8256136/82561364633.jpg,-,ml,-,CJ 참그린 _url
216,69,메소드 주방세제 핑크(532ml),https://shopping-phinf.pstatic.net/main_1068302/10683024216.jpg,-,ml,-,메소드 주방세제 핑크(532ml)_url
217,69,자연퐁 솔잎(490ml),https://shopping-phinf.pstatic.net/main_3046310/30463102463.jpg,-,ml,-,자연퐁 솔잎(490ml)_url
218,69,자연퐁 솔잎향 세균설거지(용기),https://shopping-phinf.pstatic.net/main_8292771/82927712743.jpg,-,ml,-,자연퐁 솔잎향 세균설거지(용기)_url
219,69,프릴 시크릿 오브 베이킹소다 퓨어레몬향(750ml),https://shopping-phinf.pstatic.net/main_3464033/34640332071.jpg,-,ml,-,프릴 시크릿 오브 베이킹소다 퓨어레몬향(750ml)_url
220,69,항균 트리오(973ml),https://shopping-phinf.pstatic.net/main_2137962/21379622805.20191125170922.jpg,-,ml,-,항균 트리오(973ml)_url
221,70,메디안 치석 치약 오리지널(3개),https://shopping-phinf.pstatic.net/main_1708656/17086566557.20190118135839.jpg,-,g,-,메디안 치석 치약 오리지널(3개)_url
222,70,어드밴스 캐비티 블루(3개),https://shopping-phinf.pstatic.net/main_1230316/12303165235.20170920143311.jpg,-,g,-,어드밴스 캐비티 블루(3개)_url
223,70,페리오 캐비티케어(3개),https://shopping-phinf.pstatic.net/main_1229035/12290350452.20170919152358.jpg,-,g,-,페리오 캐비티케어(3개)_url
224,71,오랄비 크로스액션(3개입),https://shopping-phinf.pstatic.net/main_8263852/82638522797.2.jpg,-,개,-,오랄비 크로스액션(3개입)_url
225,71,죽염 칫술 잇몸(4개),https://shopping-phinf.pstatic.net/main_3113040/31130400618.20220302095026.jpg,-,개,-,죽염 칫술 잇몸(4개)_url
226,71,페리오 토탈7 칫솔 힘있는 미세모(4개),https://shopping-phinf.pstatic.net/main_2447562/24475622522.20201016094322.jpg,-,개,-,페리오 토탈7 칫솔 힘있는 미세모(4개)_url
227,73,코디 키친타월(6롤),https://shopping-phinf.pstatic.net/main_2808095/28080953525.20210720160734.jpg,-,매,-,코디 키친타월(6롤)_url
228,73,크리넥스 안심 키친타월(6롤),https://shopping-phinf.pstatic.net/main_2175303/21753039187.20200114114305.jpg,-,매,-,크리넥스 안심 키친타월(6롤)_url
229,74,산소계표백제 유한젠(1kg),https://shopping-phinf.pstatic.net/main_3323128/33231289618.20220701163828.jpg,-,g,-,산소계표백제 유한젠(1kg)_url
230,75,크리넥스 데코엔소프트 3겹(24롤),https://shopping-phinf.pstatic.net/main_6904472/6904472308.20200430122917.jpg,-,롤,-,크리넥스 데코엔소프트 3겹(24롤)_url
231,76,"갈치(냉동, 100g)",https://shopping-phinf.pstatic.net/main_3362082/33620824658.jpg,-,g,-,"갈치(냉동, 100g)_url"
232,77,"고등어(생물, 300~500g)",https://shopping-phinf.pstatic.net/main_2358154/23581548094.jpg,-,마리,-,"고등어(생물, 300~500g)_url"
233,78,들기름 재래 도시락김(12팩),https://shopping-phinf.pstatic.net/main_2864772/28647720777.jpg,-,봉,-,들기름 재래 도시락김(12팩)_url
234,78,양반 들기름이 그윽한 김(16팩),https://shopping-phinf.pstatic.net/main_2391814/23918140967.jpg,-,봉,-,양반 들기름이 그윽한 김(16팩)_url
235,79,대림 게맛살 큰잔치(300g),https://shopping-phinf.pstatic.net/main_2191834/21918340052.20220505014416.jpg,-,g,-,대림 게맛살 큰잔치(300g)_url
236,79,대림게맛살큰잔치,https://shopping-phinf.pstatic.net/main_2908707/29087073876.20211003191742.jpg,-,g,-,대림게맛살큰잔치_url
237,79,삼호맛살,https://shopping-phinf.pstatic.net/main_3436176/34361766798.20220830093042.jpg,-,g,-,삼호맛살_url
238,79,싱싱맛살,https://shopping-phinf.pstatic.net/main_3098349/30983490373.20220418170401.jpg,-,g,-,싱싱맛살_url
239,80,삼호 안심 부산어묵(400g),https://shopping-phinf.pstatic.net/main_3354176/33541765632.20220717100204.jpg,-,g,-,삼호 안심 부산어묵(400g)_url
240,80,프레시안삼호부산어묵,https://shopping-phinf.pstatic.net/main_1511431/15114315374.20180821175757.jpg,-,g,-,프레시안삼호부산어묵_url
241,81,"오징어(생물, 200~300g)",https://shopping-phinf.pstatic.net/main_2595056/25950566305.4.jpg,-,마리,-,"오징어(생물, 200~300g)_url"
242,83,동원참치 라이트스탠다드(150g),https://shopping-phinf.pstatic.net/main_8300091/83000917110.jpg,-,g,-,동원참치 라이트스탠다드(150g)_url
243,83,동원참치 라이트스탠다드(4캔),https://shopping-phinf.pstatic.net/main_8418067/84180675024.jpg,-,g,-,동원참치 라이트스탠다드(4캔)_url
244,83,동원참치 라이트스탠다드(묶음),https://shopping-phinf.pstatic.net/main_1912417/19124170704.3.jpg,-,g,-,동원참치 라이트스탠다드(묶음)_url
245,83,마일드참치(150g),https://shopping-phinf.pstatic.net/main_1106427/11064275250.20191231165304.jpg,-,g,-,마일드참치(150g)_url
246,83,마일드참치(3개),https://shopping-phinf.pstatic.net/main_1499121/14991212944.20180807150539.jpg,-,g,-,마일드참치(3개)_url
247,83,사조참치 살코기 안심따개,https://shopping-phinf.pstatic.net/main_8438290/84382909398.1.jpg,-,g,-,사조참치 살코기 안심따개_url
248,83,사조참치 살코기 안심따개(4캔),https://shopping-phinf.pstatic.net/main_3365378/33653787286.jpg,-,g,-,사조참치 살코기 안심따개(4캔)_url
249,84,오뚜기 식물성 마아가린(200g),https://shopping-phinf.pstatic.net/main_2933726/29337260901.20220519034049.jpg,-,g,-,오뚜기 식물성 마아가린(200g)_url
250,84,옥수수 마가린(200g),https://shopping-phinf.pstatic.net/main_5698308/5698308568.20120211211412.jpg,-,g,-,옥수수 마가린(200g)_url
251,85,떠먹는 불가리스 딸기(4개),https://shopping-phinf.pstatic.net/main_1868318/18683185129.20220307025724.jpg,-,g,-,떠먹는 불가리스 딸기(4개)_url
252,85,떠먹는불가리스 딸기 오리지날(4개묶음),,-,g,-,떠먹는불가리스 딸기 오리지날(4개묶음)_url
253,85,매일바이오거트(4개 묶음360g),,-,g,-,매일바이오거트(4개 묶음360g)_url
254,85,바이오 플레인 요거트(4개),https://shopping-phinf.pstatic.net/main_3410836/34108364619.20220816174500.jpg,-,g,-,바이오 플레인 요거트(4개)_url
255,85,오리지널 요플레(4개묶음),https://shopping-phinf.pstatic.net/main_3088119/30881191048.20220210230621.jpg,-,g,-,오리지널 요플레(4개묶음)_url
256,85,요플레 오리지널(4개),https://shopping-phinf.pstatic.net/main_3088119/30881191048.20220210230621.jpg,-,g,-,요플레 오리지널(4개)_url
257,85,이오(5개),https://shopping-phinf.pstatic.net/main_3084926/30849262618.20220715165200.jpg,-,g,-,이오(5개)_url
258,85,자연의 시작 불가리스 사과 (4개묶음),https://shopping-phinf.pstatic.net/main_2092232/20922320219.20190921120015.jpg,-,g,-,자연의 시작 불가리스 사과 (4개묶음)_url
259,86,무가염버터(450g),https://shopping-phinf.pstatic.net/main_1292630/12926300446.20220722161104.jpg,-,g,-,무가염버터(450g)_url
260,87,앱솔루트 명작 3단계(800g),https://shopping-phinf.pstatic.net/main_1036732/10367321125.20160922143744.jpg,-,g,-,앱솔루트 명작 3단계(800g)_url
261,87,임페리얼 드림 XO 3단계(800g),https://shopping-phinf.pstatic.net/main_2337597/23375975492.20210217143030.jpg,-,g,-,임페리얼 드림 XO 3단계(800g)_url
262,87,프리미엄 산양분유 1단계(800g),https://shopping-phinf.pstatic.net/main_2532561/25325615536.20201222171558.jpg,-,g,-,프리미엄 산양분유 1단계(800g)_url
263,88,남양유업 맛있는우유GT(1L),https://shopping-phinf.pstatic.net/main_2620458/26204581528.20210302120301.jpg,-,ml,-,남양유업 맛있는우유GT(1L)_url
264,88,매일우유 오리지널(900ml),https://shopping-phinf.pstatic.net/main_2515602/25156023522.20201209160208.jpg,-,ml,-,매일우유 오리지널(900ml)_url
265,88,서울우유 흰우유(1L),https://shopping-phinf.pstatic.net/main_8466696/84666968266.jpg,-,ml,-,서울우유 흰우유(1L)_url
266,88,파스퇴르우유 후레쉬(930ml),https://shopping-phinf.pstatic.net/main_2742424/27424245525.20210603161447.jpg,-,ml,-,파스퇴르우유 후레쉬(930ml)_url
267,89,드빈치 고칼슘치즈(15매),https://shopping-phinf.pstatic.net/main_3319553/33195538303.20220629175711.jpg,-,g,-,드빈치 고칼슘치즈(15매)_url
268,89,매일유업 뼈로가는 칼슘치즈(180g),https://shopping-phinf.pstatic.net/main_3056480/30564804306.20220530180018.jpg,-,g,-,매일유업 뼈로가는 칼슘치즈(180g)_url
269,89,매일유업 뼈로가는 칼슘치즈(270g),https://shopping-phinf.pstatic.net/main_3141452/31414527523.4.jpg,-,g,-,매일유업 뼈로가는 칼슘치즈(270g)_url
270,89,서울우유 체다슬라이스치즈(200g),https://shopping-phinf.pstatic.net/main_2662854/26628541981.20220119021721.jpg,-,g,-,서울우유 체다슬라이스치즈(200g)_url
271,89,서울우유 체다슬라이스치즈(400g),https://shopping-phinf.pstatic.net/main_2180016/21800167734.20201102153709.jpg,-,g,-,서울우유 체다슬라이스치즈(400g)_url
272,89,체다치즈(15매),https://shopping-phinf.pstatic.net/main_2386440/23864407499.20200822184141.jpg,-,g,-,체다치즈(15매)_url
273,90,달콤한 베지밀 비,https://shopping-phinf.pstatic.net/main_3386813/33868138267.jpg,-,ml,-,달콤한 베지밀 비_url
274,90,달콤한 베지밀 비(16팩),https://shopping-phinf.pstatic.net/main_1383906/13839068017.jpg,-,ml,-,달콤한 베지밀 비(16팩)_url
275,90,달콤한 삼육두유 B,https://shopping-phinf.pstatic.net/main_2759924/27599243524.20210616150720.jpg,-,ml,-,달콤한 삼육두유 B_url
276,90,매일두유 담백한 맛(16팩),https://shopping-phinf.pstatic.net/main_3412519/34125196760.jpg,-,ml,-,매일두유 담백한 맛(16팩)_url
277,91,국순당 대박 막걸리,,-,ml,-,국순당 대박 막걸리_url
278,91,서울장수생막걸리(750ml),,-,ml,-,서울장수생막걸리(750ml)_url
279,92,카스 프레쉬(500ml),,-,ml,-,카스 프레쉬(500ml)_url
280,92,카스 프레쉬(6캔),https://shopping-phinf.pstatic.net/main_8368713/83687130797.1.jpg,-,ml,-,카스 프레쉬(6캔)_url
281,92,테라(500ml),https://shopping-phinf.pstatic.net/main_3428717/34287178554.jpg,-,ml,-,테라(500ml)_url
282,92,하이트 엑스트라 콜드(6캔),https://shopping-phinf.pstatic.net/main_8336172/83361721067.jpg,-,ml,-,하이트 엑스트라 콜드(6캔)_url
283,93,비타500(10개입),https://shopping-phinf.pstatic.net/main_3379799/33797993392.jpg,-,ml,-,비타500(10개입)_url
284,93,오로나민C(10개입),https://shopping-phinf.pstatic.net/main_3466978/34669783751.jpg,-,ml,-,오로나민C(10개입)_url
285,94,스프라이트(1.5L),https://shopping-phinf.pstatic.net/main_8310204/83102045573.7.jpg,-,ml,-,스프라이트(1.5L)_url
286,94,칠성사이다 제로(1.5L),https://shopping-phinf.pstatic.net/main_3299796/32997969618.20220617105848.jpg,-,ml,-,칠성사이다 제로(1.5L)_url
287,94,칠성사이다(1.8L),https://shopping-phinf.pstatic.net/main_7918399/7918399687.20191231194213.jpg,-,ml,-,칠성사이다(1.8L)_url
288,95,삼다수(2L),https://shopping-phinf.pstatic.net/main_8292084/82920847039.6.jpg,-,ml,-,삼다수(2L)_url
289,95,삼다수(500ml),https://shopping-phinf.pstatic.net/main_2885608/28856087586.20210915103236.jpg,-,ml,-,삼다수(500ml)_url
290,95,아이시스(2L),https://shopping-phinf.pstatic.net/main_8282608/82826089990.8.jpg,-,ml,-,아이시스(2L)_url
291,95,아이시스(500ml),https://shopping-phinf.pstatic.net/main_8282608/82826089990.8.jpg,-,ml,-,아이시스(500ml)_url
292,96,참이슬 클래식(360ml),https://shopping-phinf.pstatic.net/main_2883404/28834043645.20210914023431.jpg,-,ml,-,참이슬 클래식(360ml)_url
293,96,참이슬 후레쉬(360ml),https://shopping-phinf.pstatic.net/main_8260907/82609076961.2.jpg,-,ml,-,참이슬 후레쉬(360ml)_url
294,96,처음처럼(360ml),https://shopping-phinf.pstatic.net/main_8242362/82423623666.1.jpg,-,ml,-,처음처럼(360ml)_url
295,97,레드불 에너지 드링크(250ml),https://shopping-phinf.pstatic.net/main_6716449/6716449850.20200506154940.jpg,-,ml,-,레드불 에너지 드링크(250ml)_url
296,97,롯데 핫식스(250ml),https://shopping-phinf.pstatic.net/main_8250942/82509423842.jpg,-,ml,-,롯데 핫식스(250ml)_url
297,97,몬스터 에너지(355ml),https://shopping-phinf.pstatic.net/main_8324943/83249436158.jpg,-,ml,-,몬스터 에너지(355ml)_url
298,97,비타파워(20개입),https://shopping-phinf.pstatic.net/main_3312478/33124786279.1.jpg,-,ml,-,비타파워(20개입)_url
299,98,게토레이 레몬(600ml),https://shopping-phinf.pstatic.net/main_2220709/22207097674.20200316141830.jpg,-,ml,-,게토레이 레몬(600ml)_url
300,98,파워에이드 마운틴블라스트(520ml),https://shopping-phinf.pstatic.net/main_8344360/83443607010.jpg,-,ml,-,파워에이드 마운틴블라스트(520ml)_url
301,99,델몬트 스카시플러스 100,https://shopping-phinf.pstatic.net/main_8397289/83972894876.jpg,-,ml,-,델몬트 스카시플러스 100_url
302,99,델몬트 오렌지 100(1.5L),https://shopping-phinf.pstatic.net/main_1166936/11669368562.20170728121321.jpg,-,ml,-,델몬트 오렌지 100(1.5L)_url
303,99,미넷메이드 오렌지(1.5L),https://shopping-phinf.pstatic.net/main_3073040/30730401987.20.jpg,-,ml,-,미넷메이드 오렌지(1.5L)_url
304,100,남양 17차 티백(80개입),https://shopping-phinf.pstatic.net/main_1674470/16744704121.20181224142702.jpg,-,개,-,남양 17차 티백(80개입)_url
305,100,동서현미녹차(100개입),https://shopping-phinf.pstatic.net/main_2221471/22214711647.20200317122743.jpg,-,개,-,동서현미녹차(100개입)_url
306,101,레쓰비 마일드(175ml),https://shopping-phinf.pstatic.net/main_5674292/5674292124.20191231184421.jpg,-,ml,-,레쓰비 마일드(175ml)_url
307,101,맥심 티오피 마스터 라떼(275ml),https://shopping-phinf.pstatic.net/main_8010547/80105472163.7.jpg,-,ml,-,맥심 티오피 마스터 라떼(275ml)_url
308,101,바리스타룰스 콜드브루 블랙(325ml),https://shopping-phinf.pstatic.net/main_2501435/25014358908.1.jpg,-,ml,-,바리스타룰스 콜드브루 블랙(325ml)_url
309,101,칸타타 프리미엄 블렌드(275ml),https://shopping-phinf.pstatic.net/main_5659827/5659827050.20151207165613.jpg,-,ml,-,칸타타 프리미엄 블렌드(275ml)_url
310,102,맥스웰 하우스 오리지날(180개입),https://shopping-phinf.pstatic.net/main_5664975/5664975783.20151012112442.jpg,-,개,-,맥스웰 하우스 오리지날(180개입)_url
311,102,맥심모카골드,https://shopping-phinf.pstatic.net/main_1188798/11887983719.20201030123904.jpg,-,개,-,맥심모카골드_url
312,102,카누 마일드 로스트 아메리카노(30개입),https://shopping-phinf.pstatic.net/main_6012325/6012325224.20191231190454.jpg,-,개,-,카누 마일드 로스트 아메리카노(30개입)_url
313,103,코카콜라(1.8L),https://shopping-phinf.pstatic.net/main_5641060/5641060940.20120211201824.jpg,-,ml,-,코카콜라(1.8L)_url
314,103,펩시콜라(1.8L),https://shopping-phinf.pstatic.net/main_7110915/7110915151.20191231163208.jpg,-,ml,-,펩시콜라(1.8L)_url
315,104,진로 와인(500ml),https://shopping-phinf.pstatic.net/main_2401696/24016965222.20200903042913.jpg,-,ml,-,진로 와인(500ml)_url
316,106,하림 토종닭백숙(1.05kg),https://shopping-phinf.pstatic.net/main_3362910/33629101854.jpg,-,g,-,하림 토종닭백숙(1.05kg)_url
317,107,돼지고기 목살(100g),https://shopping-phinf.pstatic.net/main_3472840/34728400057.jpg,-,g,-,돼지고기 목살(100g)_url
318,107,돼지고기 삼겹살(100g),https://shopping-phinf.pstatic.net/main_8317042/83170422063.jpg,-,g,-,돼지고기 삼겹살(100g)_url
319,108,그릴후랑크(600g),https://shopping-phinf.pstatic.net/main_8261158/82611583001.jpg,-,g,-,그릴후랑크(600g)_url
320,108,롯데비앤나(400g),https://shopping-phinf.pstatic.net/main_2461300/24613001688.20201027182352.jpg,-,g,-,롯데비앤나(400g)_url
321,108,목우촌 주부9단 프랑크 소시지(500g),https://shopping-phinf.pstatic.net/main_2872880/28728809384.20220227014007.jpg,-,g,-,목우촌 주부9단 프랑크 소시지(500g)_url
322,108,백설 그릴 비엔나(720g),https://shopping-phinf.pstatic.net/main_3185178/31851781839.20220416081813.jpg,-,g,-,백설 그릴 비엔나(720g)_url
323,108,의성 마늘 프랑크(350g),https://shopping-phinf.pstatic.net/main_2973118/29731183543.20220525101845.jpg,-,g,-,의성 마늘 프랑크(350g)_url
324,108,의성마늘 빅그릴 비엔나(600g),https://shopping-phinf.pstatic.net/main_2287873/22878730293.20200516164431.jpg,-,g,-,의성마늘 빅그릴 비엔나(600g)_url
325,108,주부9단 프랑크소시지(900g),https://shopping-phinf.pstatic.net/main_2872880/28728809384.20220227014007.jpg,-,g,-,주부9단 프랑크소시지(900g)_url
326,109,롯데슬라이스햄,https://shopping-phinf.pstatic.net/main_2890442/28904426228.20220103024203.jpg,-,g,-,롯데슬라이스햄_url
327,109,스팸,https://shopping-phinf.pstatic.net/main_5786210/5786210213.20210826105937.jpg,-,g,-,스팸_url
328,109,스팸 클래식(200g),https://shopping-phinf.pstatic.net/main_5786210/5786210213.20210826105937.jpg,-,g,-,스팸 클래식(200g)_url
329,109,의성마늘 한입슬라이스햄(60g),https://shopping-phinf.pstatic.net/main_3030728/30307289441.20220408044157.jpg,-,g,-,의성마늘 한입슬라이스햄(60g)_url
330,109,주부9단 슬라이스햄(300g),https://shopping-phinf.pstatic.net/main_3464372/34643728160.jpg,-,g,-,주부9단 슬라이스햄(300g)_url
331,1,해태아이스쿨,https://shopping-phinf.pstatic.net/main_1724808/17248084401.20210302120511.jpg,-,g,-,해태아이스쿨_url
332,2,"롯데푸드 찰떡국화빵(150ml,단품)",https://shopping-phinf.pstatic.net/main_8688896/8688896328.20150720131827.jpg,-,ml,-,"롯데푸드 찰떡국화빵(150ml,단품)_url"
333,2,빙그레 참붕어 싸만코(150ml),https://shopping-phinf.pstatic.net/main_3463033/34630338053.jpg,-,ml,-,빙그레 참붕어 싸만코(150ml)_url
334,3,아이비,https://shopping-phinf.pstatic.net/main_8086689/80866892372.5.jpg,-,g,-,아이비_url
335,4,해태 바밤바(63ml),,-,ml,-,해태 바밤바(63ml)_url
336,5,롯데 목캔디 허브(148g),https://shopping-phinf.pstatic.net/main_7539280/7539280659.20151211175729.jpg,-,g,-,롯데 목캔디 허브(148g)_url
337,6,해태 부라보콘 화이트바닐라(140ml),https://shopping-phinf.pstatic.net/main_3463069/34630694385.20220912095103.jpg,-,ml,-,해태 부라보콘 화이트바닐라(140ml)_url
338,9,해태 오예스(28g*12개입),https://shopping-phinf.pstatic.net/main_8300445/83004456831.jpg,-,g,-,해태 오예스(28g*12개입)_url
339,10,롯데 가나 마일드(34g*3개입),,-,g,-,롯데 가나 마일드(34g*3개입)_url
340,10,"롯데 가나 마일드(34g,단품)",https://shopping-phinf.pstatic.net/main_3347319/33473190405.jpg,-,g,-,"롯데 가나 마일드(34g,단품)_url"
341,12,해표 순창궁 태양초 100% 우리햅쌀 고추장(1.8kg),https://shopping-phinf.pstatic.net/main_2233720/22337208492.jpg,-,g,-,해표 순창궁 태양초 100% 우리햅쌀 고추장(1.8kg)_url
342,14,동서벌꿀(600g),https://shopping-phinf.pstatic.net/main_3339573/33395734137.20220710091800.jpg,-,g,-,동서벌꿀(600g)_url
343,17,고소한국산콩두부(부침용)(대상),https://shopping-phinf.pstatic.net/main_2171589/21715898424.20200901155647.jpg,-,g,-,고소한국산콩두부(부침용)(대상)_url
344,17,행복한콩 부침두부(300g),https://shopping-phinf.pstatic.net/main_3170029/31700291670.20220410052225.jpg,-,g,-,행복한콩 부침두부(300g)_url
345,20,큐원 영양강화밀가루(1kg),https://shopping-phinf.pstatic.net/main_8198739/81987398616.jpg,-,g,-,큐원 영양강화밀가루(1kg)_url
346,25,백설 국내산 사과식초(500ml),https://shopping-phinf.pstatic.net/main_2341061/23410610490.20200710171605.jpg,-,ml,-,백설 국내산 사과식초(500ml)_url
347,30,청정원 진한 토마토 케찹,https://shopping-phinf.pstatic.net/main_3321035/33210355374.jpg,-,g,-,청정원 진한 토마토 케찹_url
348,32,동원 개성 왕만두,https://shopping-phinf.pstatic.net/main_2152902/21529027232.20220630120326.jpg,-,g,-,동원 개성 왕만두_url
349,34,롯데 미니소보로(375g),https://shopping-phinf.pstatic.net/main_3322004/33220042687.jpg,-,g,-,롯데 미니소보로(375g)_url
350,34,롯데 아이러브 토스트(750g),https://shopping-phinf.pstatic.net/main_8313481/83134814737.1.jpg,-,g,-,롯데 아이러브 토스트(750g)_url
351,40,오뚜기밥(3개입),https://shopping-phinf.pstatic.net/main_3439308/34393089030.jpg,-,g,-,오뚜기밥(3개입)_url
352,45,듀라셀 울트라 파워체크 AA*2입(피엔지),https://shopping-phinf.pstatic.net/main_1491352/14913528033.2.jpg,-,개,-,듀라셀 울트라 파워체크 AA*2입(피엔지)_url
353,45,듀라셀 울트라 파워체크 AAA*2입,https://shopping-phinf.pstatic.net/main_2461549/24615499868.jpg,-,개,-,듀라셀 울트라 파워체크 AAA*2입_url
354,45,벡셀AA*2입,https://shopping-phinf.pstatic.net/main_3406066/34060666131.jpg,-,개,-,벡셀AA*2입_url
355,47,가그린 레귤러,https://shopping-phinf.pstatic.net/main_3164019/31640195973.jpg,-,ml,-,가그린 레귤러_url
356,49,Dr. ato(민감성건성피부보습),https://shopping-phinf.pstatic.net/main_2386471/23864712157.jpg,-,ml,-,Dr. ato(민감성건성피부보습)_url
357,49,그린핑거 촉촉한자연보습 베이비로션,https://shopping-phinf.pstatic.net/main_1364262/13642620860.20180227115527.jpg,-,ml,-,그린핑거 촉촉한자연보습 베이비로션_url
358,49,아비노베이비데일리모이스춰로션,https://shopping-phinf.pstatic.net/main_2195137/21951378560.20220818090556.jpg,-,ml,-,아비노베이비데일리모이스춰로션_url
359,50,크리넥스 KF94 4단 마스크,https://shopping-phinf.pstatic.net/main_2383966/23839668525.20200820172546.jpg,-,개,-,크리넥스 KF94 4단 마스크_url
360,53,도브 뷰티 너리싱 바디워시,https://shopping-phinf.pstatic.net/main_1315320/13153206849.20220629165633.jpg,-,ml,-,도브 뷰티 너리싱 바디워시_url
361,53,도브 센스티브스킨 바디워시 ,https://shopping-phinf.pstatic.net/main_8443210/84432107849.jpg,-,ml,-,도브 센스티브스킨 바디워시 _url
362,53,해피바스 로즈에센스 로맨틱 바디워시,https://shopping-phinf.pstatic.net/main_5690013/5690013665.20200101140021.jpg,-,ml,-,해피바스 로즈에센스 로맨틱 바디워시_url
363,56,홈스타 향락스(1L),https://shopping-phinf.pstatic.net/main_3230403/32304030796.jpg,-,ml,-,홈스타 향락스(1L)_url
364,59,미장센 펄샤이닝모이스쳐 샴푸,https://shopping-phinf.pstatic.net/main_5640360/5640360099.20211111154339.jpg,-,ml,-,미장센 펄샤이닝모이스쳐 샴푸_url
365,59,엘라스틴 맥시마이징 볼륨 샴푸,https://shopping-phinf.pstatic.net/main_8629100/8629100812.jpg,-,ml,-,엘라스틴 맥시마이징 볼륨 샴푸_url
366,59,케라시스 러블리 로맨틱 퍼퓸 샴푸,https://shopping-phinf.pstatic.net/main_2664528/26645282523.20210405094226.jpg,-,ml,-,케라시스 러블리 로맨틱 퍼퓸 샴푸_url
367,60,샤프란 코튼 앤 크림,https://shopping-phinf.pstatic.net/main_5762388/5762388801.20210322152004.jpg,-,ml,-,샤프란 코튼 앤 크림_url
368,61,샤프란 케어(은은한향),https://shopping-phinf.pstatic.net/main_7638725/7638725656.1.jpg,-,ml,-,샤프란 케어(은은한향)_url
369,61,페브리즈 깨끗한 무향(900),https://shopping-phinf.pstatic.net/main_8222580/82225809269.jpg,-,ml,-,페브리즈 깨끗한 무향(900)_url
370,62,무균무때(욕실용),https://shopping-phinf.pstatic.net/main_8316574/83165743350.1.jpg,-,ml,-,무균무때(욕실용)_url
371,62,홈스타 곰팡이 싹,https://shopping-phinf.pstatic.net/main_2091679/20916790617.20220818110649.jpg,-,ml,-,홈스타 곰팡이 싹_url
372,63,"테크 (가루,리필형,4kg)",https://shopping-phinf.pstatic.net/main_3289478/32894789231.jpg,-,g,-,"테크 (가루,리필형,4kg)_url"
373,64,"때가 쏙 비트(액체,드럼용,3L)",https://shopping-phinf.pstatic.net/main_1988862/19888629717.1.jpg,-,ml,-,"때가 쏙 비트(액체,드럼용,3L)_url"
374,64,"테크 UP(액체,일반용,3L)",https://shopping-phinf.pstatic.net/main_2458775/24587758834.1.jpg,-,ml,-,"테크 UP(액체,일반용,3L)_url"
375,65,홈스타 제습과 방충을 한번에,,-,개,-,홈스타 제습과 방충을 한번에_url
376,67,지퍼락 지퍼백(중),https://shopping-phinf.pstatic.net/main_8206410/82064102878.8.jpg,-,매,-,지퍼락 지퍼백(중)_url
377,68,하기스 매직컴포트 중형 공용 밴드형 3단계(66매),https://shopping-phinf.pstatic.net/main_3231672/32316720621.20220517113451.jpg,-,매,-,하기스 매직컴포트 중형 공용 밴드형 3단계(66매)_url
378,68,하기스 매직핏팬티 4단계 여아용 40매,https://shopping-phinf.pstatic.net/main_3180203/31802037455.jpg,-,매,-,하기스 매직핏팬티 4단계 여아용 40매_url
379,68,하기스 프리미어 플러스 남아용 대형(60매 4단계),,-,매,-,하기스 프리미어 플러스 남아용 대형(60매 4단계)_url
380,70,어드밴스 캐비티 블루(120g),https://shopping-phinf.pstatic.net/main_1230316/12303165235.20170920143311.jpg,-,g,-,어드밴스 캐비티 블루(120g)_url
381,70,페리오 클링스 아이스민트 120GX3,https://shopping-phinf.pstatic.net/main_8344394/83443946188.jpg,-,g,-,페리오 클링스 아이스민트 120GX3_url
382,73,깨끗한나라 키친타올,https://shopping-phinf.pstatic.net/main_9834453/9834453422.20191231172203.jpg,-,매,-,깨끗한나라 키친타올_url
383,74,B&B 안심표백제(500g),https://shopping-phinf.pstatic.net/main_3418909/34189099286.jpg,-,g,-,B&B 안심표백제(500g)_url
384,76,"갈치(생물, 100g)",https://shopping-phinf.pstatic.net/main_3137332/31373326648.jpg,-,g,-,"갈치(생물, 100g)_url"
385,79,동원 싱싱맛살 실속(500g),https://shopping-phinf.pstatic.net/main_3163411/31634111991.jpg,-,g,-,동원 싱싱맛살 실속(500g)_url
386,80,대림선어묵 부산어묵,https://shopping-phinf.pstatic.net/main_1700607/17006078117.20190112170346.jpg,-,g,-,대림선어묵 부산어묵_url
387,81,"오징어(냉동, 200~300g)",https://shopping-phinf.pstatic.net/main_2595056/25950566305.4.jpg,-,마리,-,"오징어(냉동, 200~300g)_url"
388,82,부세(200~400g),https://shopping-phinf.pstatic.net/main_8392702/83927023573.jpg,-,마리,-,부세(200~400g)_url
389,82,참조기(200~400g),https://shopping-phinf.pstatic.net/main_8459463/84594632029.jpg,-,마리,-,참조기(200~400g)_url
390,85,불가리스(4개),https://shopping-phinf.pstatic.net/main_2668951/26689511189.20210408190828.jpg,-,g,-,불가리스(4개)_url
391,85,이오 20s (3개묶음),https://shopping-phinf.pstatic.net/main_8456997/84569977518.1.jpg,-,g,-,이오 20s (3개묶음)_url
392,86,남양 드빈치 버터(450g),https://shopping-phinf.pstatic.net/main_3360773/33607736496.20220721052748.jpg,-,g,-,남양 드빈치 버터(450g)_url
393,86,모닝버터(해바라기유)(200g),https://shopping-phinf.pstatic.net/main_8253637/82536378079.1.jpg,-,g,-,모닝버터(해바라기유)(200g)_url
394,87,앱솔루트 명작 3단계,https://shopping-phinf.pstatic.net/main_1168813/11688130933.1.jpg,-,g,-,앱솔루트 명작 3단계_url
395,88,매일우유 오리지널(ESL)(1000ml),https://shopping-phinf.pstatic.net/main_5639892/5639892970.20191111163153.jpg,-,ml,-,매일우유 오리지널(ESL)(1000ml)_url
396,89,치즈명장 드빈치 체다슬라이스 치즈(200g),https://shopping-phinf.pstatic.net/main_8343951/83439514700.jpg,-,g,-,치즈명장 드빈치 체다슬라이스 치즈(200g)_url
397,89,치즈명장 드빈치 체다슬라이스 치즈(300g),https://shopping-phinf.pstatic.net/main_8343951/83439514700.jpg,-,g,-,치즈명장 드빈치 체다슬라이스 치즈(300g)_url
398,90,뼈로가는 칼슘두유 담백한맛,https://shopping-phinf.pstatic.net/main_1277376/12773765960.3.jpg,-,ml,-,뼈로가는 칼슘두유 담백한맛_url
399,91,국순당 생막걸리(750ml),https://shopping-phinf.pstatic.net/main_8238752/82387527317.jpg,-,ml,-,국순당 생막걸리(750ml)_url
400,91,국순당 우국생(750ml),https://shopping-phinf.pstatic.net/main_8431109/84311096008.jpg,-,ml,-,국순당 우국생(750ml)_url
401,92,오비라거 6캔,https://shopping-phinf.pstatic.net/main_8431184/84311847436.jpg,-,ml,-,오비라거 6캔_url
402,92,오비라거(단품),,-,ml,-,오비라거(단품)_url
403,92,하이트 엑스트라 콜드(500ml),https://shopping-phinf.pstatic.net/main_8240467/82404677048.2.jpg,-,ml,-,하이트 엑스트라 콜드(500ml)_url
404,92,하이트 엑스트라콜드(단품),https://shopping-phinf.pstatic.net/main_3421769/34217698011.jpg,-,ml,-,하이트 엑스트라콜드(단품)_url
405,93,비타파워,https://shopping-phinf.pstatic.net/main_1712707/17127071997.2.jpg,-,ml,-,비타파워_url
406,93,컨피던스,https://shopping-phinf.pstatic.net/main_2327079/23270796125.1.jpg,-,ml,-,컨피던스_url
407,98,포카리스웨트(620ml),https://shopping-phinf.pstatic.net/main_5711093/5711093276.20120211204848.jpg,-,ml,-,포카리스웨트(620ml)_url
408,99,미닛메이드 오리지날 오렌지 100,https://shopping-phinf.pstatic.net/main_5641041/5641041820.20180523140359.jpg,-,ml,-,미닛메이드 오리지날 오렌지 100_url
409,101,맥스웰 하우스 오리지날(200ml),https://shopping-phinf.pstatic.net/main_8344384/83443841403.jpg,-,ml,-,맥스웰 하우스 오리지날(200ml)_url
410,102,네스카페 신선한 모카(180입),https://shopping-phinf.pstatic.net/main_8344371/83443717114.jpg,-,개,-,네스카페 신선한 모카(180입)_url
411,102,프렌치까페믹스,https://shopping-phinf.pstatic.net/main_1189248/11892485486.20200525173124.jpg,-,개,-,프렌치까페믹스_url
412,102,프렌치카페 카페믹스(220개입),https://shopping-phinf.pstatic.net/main_2760066/27600660553.9.jpg,-,개,-,프렌치카페 카페믹스(220개입)_url
413,104,마주앙 레드(750ml),,-,ml,-,마주앙 레드(750ml)_url
414,105,CJ 더안심 건강란(대란 15개),https://shopping-phinf.pstatic.net/main_8254064/82540649129.2.jpg,-,개,-,CJ 더안심 건강란(대란 15개)_url
415,105,CJ 알짜란(대란 15개),https://shopping-phinf.pstatic.net/main_3434296/34342960047.jpg,-,개,-,CJ 알짜란(대란 15개)_url
416,105,목초를 먹고 자란 건강한 닭이 낳은 달걀(대란 15개),https://shopping-phinf.pstatic.net/main_1154617/11546177681.3.jpg,-,개,-,목초를 먹고 자란 건강한 닭이 낳은 달걀(대란 15개)_url
417,105,풀무원 동물복지 목초란(대란 10개),https://shopping-phinf.pstatic.net/main_8253959/82539598752.2.jpg,-,개,-,풀무원 동물복지 목초란(대란 10개)_url
418,106,참프레 동물복지 닭백숙(1.1kg),https://shopping-phinf.pstatic.net/main_3436577/34365773211.jpg,-,g,-,참프레 동물복지 닭백숙(1.1kg)_url
419,106,하림 자연실록백숙(830g),https://shopping-phinf.pstatic.net/main_3121522/31215223183.jpg,-,g,-,하림 자연실록백숙(830g)_url
420,108,CJ 더 건강한햄 그릴후랑크(350g),https://shopping-phinf.pstatic.net/main_2871981/28719819046.20210906034525.jpg,-,g,-,CJ 더 건강한햄 그릴후랑크(350g)_url
421,109,식빵위의 네모,https://shopping-phinf.pstatic.net/main_2889140/28891401735.20220313012603.jpg,-,g,-,식빵위의 네모_url
422,109,참작 참잘만든 슬라이스햄,,-,g,-,참작 참잘만든 슬라이스햄_url
423,13,오뚜기 옛날 칼국수 900g,https://shopping-phinf.pstatic.net/main_3293388/32933889070.20220614103023.jpg,-,g,-,오뚜기 옛날 칼국수 900g_url
424,13,백설스파게티 500g,https://shopping-phinf.pstatic.net/main_2707375/27073757247.20211130013912.jpg,-,g,-,백설스파게티 500g_url
425,13,오뚜기 생면사리 200g x 4,https://shopping-phinf.pstatic.net/main_3381978/33819780422.20220802152032.jpg,-,g,-,오뚜기 생면사리 200g x 4_url
426,32,비비고 군만두 450g x 2,https://shopping-phinf.pstatic.net/main_3259786/32597867919.jpg,-,g,-,비비고 군만두 450g x 2_url
427,17,CJ 행복한 콩 순두부 330g,https://shopping-phinf.pstatic.net/main_1071649/10716499158.20220519045203.jpg,-,g,-,CJ 행복한 콩 순두부 330g_url
428,33,안성탕면 5개입,https://shopping-phinf.pstatic.net/main_8253646/82536460814.jpg,-,개,-,안성탕면 5개입_url
429,33,짜파게티 5개입,https://shopping-phinf.pstatic.net/main_8253646/82536460814.jpg,-,개,-,짜파게티 5개입_url
430,33,불닭볶음면 5개입,https://shopping-phinf.pstatic.net/main_8253646/82536460814.jpg,-,개,-,불닭볶음면 5개입_url
431,33,팔도비빔면 4개입,https://shopping-phinf.pstatic.net/main_2990467/29904674094.1.jpg,-,개,-,팔도비빔면 4개입_url
432,34,삼립 국산밀 감자치즈팡 280g,https://shopping-phinf.pstatic.net/main_3471909/34719098958.jpg,-,g,-,삼립 국산밀 감자치즈팡 280g_url
433,36,오레오 오즈 500g,https://shopping-phinf.pstatic.net/main_1124012/11240120562.20170324182428.jpg,-,g,-,오레오 오즈 500g_url
434,36,켈로그 크렌베리 그래놀라 500g,https://shopping-phinf.pstatic.net/main_1392287/13922879006.20220630104508.jpg,-,g,-,켈로그 크렌베리 그래놀라 500g_url
435,42,농심 짜파게티 큰사발 123g,https://shopping-phinf.pstatic.net/main_6359452/6359452275.20120522120901.jpg,-,g,-,농심 짜파게티 큰사발 123g_url
436,42,불닭볶음면 큰컵 105g,https://shopping-phinf.pstatic.net/main_6562262/6562262309.20220525180103.jpg,-,g,-,불닭볶음면 큰컵 105g_url
437,42,컵누들 매콤한맛 37.8g,https://shopping-phinf.pstatic.net/main_5681679/5681679621.20211207171319.jpg,-,g,-,컵누들 매콤한맛 37.8g_url
438,79,크래미 145g x 2,https://shopping-phinf.pstatic.net/main_2572799/25727991644.20210124194446.jpg,-,g,-,크래미 145g x 2_url
439,89,소와나무 이태리안피자치즈 800g,https://shopping-phinf.pstatic.net/main_2123750/21237501403.20191105224329.jpg,-,g,-,소와나무 이태리안피자치즈 800g_url
440,106,하림 닭가슴살 400g,https://shopping-phinf.pstatic.net/main_3223420/32234208099.jpg,-,g,-,하림 닭가슴살 400g_url
441,106,CJ 더 건강한 닭가슴살 직화통살구이 100g,https://shopping-phinf.pstatic.net/main_2924544/29245444474.jpg,-,g,-,CJ 더 건강한 닭가슴살 직화통살구이 100g_url
442,106,사조안심 닭가슴살 마일드 100g,https://shopping-phinf.pstatic.net/main_8341583/83415839431.jpg,-,g,-,사조안심 닭가슴살 마일드 100g_url
443,11,국간장 샘표 500ml,https://shopping-phinf.pstatic.net/main_3233033/32330330826.20220514124207.jpg,-,ml,-,국간장 샘표 500ml_url
444,22,CJ 백설 황설탕 1kg,https://shopping-phinf.pstatic.net/main_8244890/82448901727.jpg,-,g,-,CJ 백설 황설탕 1kg_url
445,24,백설 올리브오일 900ml,https://shopping-phinf.pstatic.net/main_2963931/29639310703.1.jpg,-,ml,-,백설 올리브오일 900ml_url
446,29,백세카레 100g,https://shopping-phinf.pstatic.net/main_5717851/5717851255.20160628174549.jpg,-,g,-,백세카레 100g_url
447,18,CJ 키위 샐러드 소스 115g,https://shopping-phinf.pstatic.net/main_3469691/34696919245.jpg,-,g,-,CJ 키위 샐러드 소스 115g_url
448,31,CJ 다시다쇠고기 골드 8g x 12,https://shopping-phinf.pstatic.net/main_8318625/83186253616.jpg,-,g,-,CJ 다시다쇠고기 골드 8g x 12_url
449,110,홈런볼 초코 46g,https://shopping-phinf.pstatic.net/main_5715102/5715102162.20220805140656.jpg,-,g,-,홈런볼 초코 46g_url
450,110,맛동산 300g,https://shopping-phinf.pstatic.net/main_5717873/5717873432.20180615153045.jpg,-,g,-,맛동산 300g_url
451,10,롯데 크런키 34g x 4,https://shopping-phinf.pstatic.net/main_2490731/24907310605.jpg,-,g,-,롯데 크런키 34g x 4_url
452,10,허쉬밀크초콜릿 40g,https://shopping-phinf.pstatic.net/main_8577107/8577107668.20150605162856.jpg,-,g,-,허쉬밀크초콜릿 40g_url
453,5,롯데 청포도 893g,https://shopping-phinf.pstatic.net/main_8344332/83443328401.1.jpg,-,g,-,롯데 청포도 893g_url
454,111,크라운 마이쮸 284g,https://shopping-phinf.pstatic.net/main_9572582/9572582438.10.jpg,-,g,-,크라운 마이쮸 284g_url
455,111,크라운 새콤달콤 200g,https://shopping-phinf.pstatic.net/main_1191215/11912151647.jpg,-,g,-,크라운 새콤달콤 200g_url
456,111,크라운 땅콩카라멜 324g,https://shopping-phinf.pstatic.net/main_1040576/10405765264.20160930151420.jpg,-,g,-,크라운 땅콩카라멜 324g_url
457,3,해태제과 에이스 464g,https://shopping-phinf.pstatic.net/main_2110758/21107587870.20220805151411.jpg,-,g,-,해태제과 에이스 464g_url
458,103,제로코카콜라 1.8L,https://shopping-phinf.pstatic.net/main_8448577/84485771443.1.jpg,-,ml,-,제로코카콜라 1.8L_url
459,105,알찬란 30구 대란,https://shopping-phinf.pstatic.net/main_3469903/34699034733.jpg,-,개,-,알찬란 30구 대란_url
460,113,국거리용 한우 양지 1등급 100g,https://shopping-phinf.pstatic.net/main_3441389/34413899709.jpg,-,g,-,국거리용 한우 양지 1등급 100g_url
461,107,국산 앞다리살 100g,https://shopping-phinf.pstatic.net/main_8274585/82745856688.1.jpg,-,g,-,국산 앞다리살 100g_url
462,77,노르웨이냉동 고등어 900g,https://shopping-phinf.pstatic.net/main_8247563/82475639526.6.jpg,-,마리,-,노르웨이냉동 고등어 900g_url
463,47,가그린 제로 750ml,https://shopping-phinf.pstatic.net/main_1533082/15330825041.20200904113842.jpg,-,ml,-,가그린 제로 750ml_url
464,47,리스테린 쿨민트 750ml,https://shopping-phinf.pstatic.net/main_7802563/7802563503.20220920141430.jpg,-,ml,-,리스테린 쿨민트 750ml_url
465,45,AA 맥스 에너자이저 4개입,https://shopping-phinf.pstatic.net/main_8329210/83292104023.9.jpg,-,개,-,AA 맥스 에너자이저 4개입_url
466,45,AAA 맥스 에너자이저 4개입,https://shopping-phinf.pstatic.net/main_8329210/83292104023.9.jpg,-,개,-,AAA 맥스 에너자이저 4개입_url
467,64,다우니 2L,https://shopping-phinf.pstatic.net/main_2099175/20991755932.20191001110428.jpg,-,ml,-,다우니 2L_url
468,112,종가집 김치 2.3kg,https://shopping-phinf.pstatic.net/main_3365377/33653771317.jpg,-,g,-,종가집 김치 2.3kg_url
469,112,비비고 김치 2kg,https://shopping-phinf.pstatic.net/main_8437451/84374514762.jpg,-,g,-,비비고 김치 2kg_url
20000,1038,사과(후지),https://shopping-phinf.pstatic.net/main_8355377/83553776794.1.jpg,,,,사과(후지)_url
20001,1054,감귤,https://shopping-phinf.pstatic.net/main_8415002/84150024518.1.jpg,,,,감귤_url
20002,1050,건블루베리(수입),https://shopping-phinf.pstatic.net/main_3101260/31012606891.jpg,,,,건블루베리(수입)_url
20003,1049,건포도(수입),https://shopping-phinf.pstatic.net/main_8131251/81312519354.jpg,,,,건포도(수입)_url
20004,1042,단감,https://shopping-phinf.pstatic.net/main_8338934/83389340533.1.jpg,,,,단감_url
20005,1047,레몬(수입),https://shopping-phinf.pstatic.net/main_8010160/80101608057.12.jpg,,,,레몬(수입)_url
20006,1051,망고(수입),https://shopping-phinf.pstatic.net/main_8275414/82754140912.6.jpg,,,,망고(수입)_url
20007,1043,바나나(수입),https://shopping-phinf.pstatic.net/main_3286256/32862565014.jpg,,,,바나나(수입)_url
20008,1039,배(신고),https://shopping-phinf.pstatic.net/main_8247416/82474166184.5.jpg,,,,배(신고)_url
20009,1040,백도,https://shopping-phinf.pstatic.net/main_8431623/84316230354.3.jpg,,,,백도_url
20010,1046,오렌지(네이블 미국),https://shopping-phinf.pstatic.net/main_8402592/84025921431.jpg,,,,오렌지(네이블 미국)_url
20011,1044,참다래(국산),https://shopping-phinf.pstatic.net/main_8321087/83210876506.1.jpg,,,,참다래(국산)_url
20012,1044,참다래(그린 뉴질랜드),https://shopping-phinf.pstatic.net/main_8321087/83210876506.1.jpg,,,,참다래(그린 뉴질랜드)_url
20013,1048,체리(수입),https://shopping-phinf.pstatic.net/main_8458495/84584950439.jpg,,,,체리(수입)_url
20014,1045,파인애플(수입),https://shopping-phinf.pstatic.net/main_8443698/84436982052.6.jpg,,,,파인애플(수입)_url
20015,1041,포도(캠벨얼리),https://shopping-phinf.pstatic.net/main_8457514/84575144366.jpg,,,,포도(캠벨얼리)_url
20016,1005,고구마(밤),https://shopping-phinf.pstatic.net/main_8258929/82589292013.5.jpg,,,,고구마(밤)_url
20017,1004,녹두(국산),https://shopping-phinf.pstatic.net/main_8234614/82346144938.jpg,,,,녹두(국산)_url
20018,1000,쌀(일반계),,,,,쌀(일반계)_url
20019,1001,찹쌀(일반계),,,,,찹쌀(일반계)_url
20020,1002,흰 콩(국산),https://shopping-phinf.pstatic.net/main_8246663/82466637703.1.jpg,,,,흰 콩(국산)_url
20021,1003,붉은 팥(국산),https://shopping-phinf.pstatic.net/main_8361192/83611920886.jpg,,,,붉은 팥(국산)_url
20022,1006,감자(수미),https://shopping-phinf.pstatic.net/main_8265482/82654826970.7.jpg,,,,감자(수미)_url
20023,1024,고춧가루(국산),https://shopping-phinf.pstatic.net/main_8223975/82239755179.7.jpg,,,,고춧가루(국산)_url
20024,1029,깐마늘(국산),https://shopping-phinf.pstatic.net/main_8300551/83005512429.1.jpg,,,,깐마늘(국산)_url
20025,1025,깻잎,https://shopping-phinf.pstatic.net/main_8004245/80042456037.9.jpg,,,,깻잎_url
20026,1017,당근(무세척),https://shopping-phinf.pstatic.net/main_8141583/81415832268.jpg,,,,당근(무세척)_url
20027,1016,딸기,https://shopping-phinf.pstatic.net/main_8312718/83127185659.2.jpg,,,,딸기_url
20028,1028,멜론,https://shopping-phinf.pstatic.net/main_8243568/82435688419.jpg,,,,멜론_url
20029,1053,무,https://shopping-phinf.pstatic.net/main_8350294/83502943416.2.jpg,,,,무_url
20030,1030,방울토마토,https://shopping-phinf.pstatic.net/main_8409504/84095042129.8.jpg,,,,방울토마토_url
20031,1052,배추,https://shopping-phinf.pstatic.net/main_8278103/82781036657.3.jpg,,,,배추_url
20032,1020,붉은고추,https://shopping-phinf.pstatic.net/main_8280465/82804653712.jpg,,,,붉은고추_url
20033,1009,상추(적),https://shopping-phinf.pstatic.net/main_2733352/27333527443.1.jpg,,,,상추(적)_url
20034,1023,생강(국산),https://shopping-phinf.pstatic.net/main_7130268/7130268252.13.jpg,,,,생강(국산)_url
20035,1011,수박,https://shopping-phinf.pstatic.net/main_8396841/83968417190.jpg,,,,수박_url
20036,1008,시금치,https://shopping-phinf.pstatic.net/main_8140667/81406678768.jpg,,,,시금치_url
20037,1007,양배추,https://shopping-phinf.pstatic.net/main_8230081/82300813471.jpg,,,,양배추_url
20038,1021,양파,https://shopping-phinf.pstatic.net/main_8240460/82404607347.15.jpg,,,,양파_url
20039,1010,얼갈이배추,https://shopping-phinf.pstatic.net/main_8351203/83512035282.jpg,,,,얼갈이배추_url
20040,1018,열무,https://shopping-phinf.pstatic.net/main_8246296/82462963436.7.jpg,,,,열무_url
20041,1013,가시오이,https://shopping-phinf.pstatic.net/main_8394764/83947644469.jpg,,,,가시오이_url
20042,1012,참외,https://shopping-phinf.pstatic.net/main_3072841/30728414010.jpg,,,,참외_url
20043,1015,토마토,https://shopping-phinf.pstatic.net/main_8409504/84095042129.8.jpg,,,,토마토_url
20044,1022,대파,https://shopping-phinf.pstatic.net/main_8261250/82612507286.6.jpg,,,,대파_url
20045,1027,파프리카,https://shopping-phinf.pstatic.net/main_8253559/82535592786.6.jpg,,,,파프리카_url
20046,1019,풋고추,https://shopping-phinf.pstatic.net/main_1177672/11776728675.1.jpg,,,,풋고추_url
20047,1026,피망(청),https://shopping-phinf.pstatic.net/main_8348638/83486389121.jpg,,,,피망(청)_url
20048,1014,애호박,https://shopping-phinf.pstatic.net/main_9219794/9219794736.1.jpg,,,,애호박_url
20049,1033,애느타리버섯,https://shopping-phinf.pstatic.net/main_8229997/82299978298.1.jpg,,,,애느타리버섯_url
20050,1032,땅콩(국산),https://shopping-phinf.pstatic.net/main_8347639/83476391411.1.jpg,,,,땅콩(국산)_url
20051,1032,땅콩(수입),https://shopping-phinf.pstatic.net/main_1319280/13192805933.4.jpg,,,,땅콩(수입)_url
20052,1035,새송이버섯,https://shopping-phinf.pstatic.net/main_8281515/82815151205.11.jpg,,,,새송이버섯_url
20053,1037,아몬드(수입),https://shopping-phinf.pstatic.net/main_8131249/81312498554.jpg,,,,아몬드(수입)_url
20054,1031,백색참깨(국산),https://shopping-phinf.pstatic.net/main_8459096/84590969956.1.jpg,,,,백색참깨(국산)_url
20055,1034,팽이버섯,https://shopping-phinf.pstatic.net/main_8204582/82045829749.2.jpg,,,,팽이버섯_url
20056,1036,호두(수입),https://shopping-phinf.pstatic.net/main_3177091/31770912900.jpg,,,,호두(수입)_url
